25310704,2015UKI秋冬订货会,UKI,鱼鳞针织贴布绣T恤,701,433,433军绿,M,服装,外出服装系列,T恤,秋,秋一,基本款,绿色系,300-399,328.00 ,主：95%棉5%氨纶
25310704,2015UKI秋冬订货会,UKI,鱼鳞针织贴布绣T恤,701,433,433军绿,L,服装,外出服装系列,T恤,秋,秋一,基本款,绿色系,300-399,328.00 ,主：95%棉5%氨纶
25310704,2015UKI秋冬订货会,UKI,鱼鳞针织贴布绣T恤,701,433,433军绿,XL,服装,外出服装系列,T恤,秋,秋一,基本款,绿色系,300-399,328.00 ,主：95%棉5%氨纶
25310704,2015UKI秋冬订货会,UKI,鱼鳞针织贴布绣T恤,702,553,553玫红,M,服装,外出服装系列,T恤,秋,秋一,基本款,红色系,300-399,328.00 ,主：95%棉5%氨纶
25310704,2015UKI秋冬订货会,UKI,鱼鳞针织贴布绣T恤,702,553,553玫红,L,服装,外出服装系列,T恤,秋,秋一,基本款,红色系,300-399,328.00 ,主：95%棉5%氨纶
25310704,2015UKI秋冬订货会,UKI,鱼鳞针织贴布绣T恤,702,553,553玫红,XL,服装,外出服装系列,T恤,秋,秋一,基本款,红色系,300-399,328.00 ,主：95%棉5%氨纶
25310701,2015UKI秋冬订货会,UKI,针织条纹印花长袖T恤,703,108,108黑色条纹,M,服装,外出服装系列,T恤,秋,秋一,基本款,黑色系,200-299,298.00 ,主： 95%棉5%氨纶               配：100%涤纶
25310701,2015UKI秋冬订货会,UKI,针织条纹印花长袖T恤,703,108,108黑色条纹,L,服装,外出服装系列,T恤,秋,秋一,基本款,黑色系,200-299,298.00 ,主： 95%棉5%氨纶               配：100%涤纶
25310701,2015UKI秋冬订货会,UKI,针织条纹印花长袖T恤,703,108,108黑色条纹,XL,服装,外出服装系列,T恤,秋,秋一,基本款,黑色系,200-299,298.00 ,主： 95%棉5%氨纶               配：100%涤纶
25310701,2015UKI秋冬订货会,UKI,针织条纹印花长袖T恤,704,168,168灰色条纹,M,服装,外出服装系列,T恤,秋,秋一,基本款,黑色系,200-299,298.00 ,主： 95%棉5%氨纶               配：100%涤纶
25310701,2015UKI秋冬订货会,UKI,针织条纹印花长袖T恤,704,168,168灰色条纹,L,服装,外出服装系列,T恤,秋,秋一,基本款,黑色系,200-299,298.00 ,主： 95%棉5%氨纶               配：100%涤纶
25310701,2015UKI秋冬订货会,UKI,针织条纹印花长袖T恤,704,168,168灰色条纹,XL,服装,外出服装系列,T恤,秋,秋一,基本款,黑色系,200-299,298.00 ,主： 95%棉5%氨纶               配：100%涤纶
25310705,2015UKI秋冬订货会,UKI,针织鱼鳞印花落肩袖T恤,705,663,663芥黄,M,服装,外出服装系列,T恤,秋,秋一,基本款,黄色系,300-399,368.00 ,主：95%棉5氨纶
25310705,2015UKI秋冬订货会,UKI,针织鱼鳞印花落肩袖T恤,705,663,663芥黄,L,服装,外出服装系列,T恤,秋,秋一,基本款,黄色系,300-399,368.00 ,主：95%棉5氨纶
25310705,2015UKI秋冬订货会,UKI,针织鱼鳞印花落肩袖T恤,705,663,663芥黄,XL,服装,外出服装系列,T恤,秋,秋一,基本款,黄色系,300-399,368.00 ,主：95%棉5氨纶
25310705,2015UKI秋冬订货会,UKI,针织鱼鳞印花落肩袖T恤,706,793,793浅蓝,M,服装,外出服装系列,T恤,秋,秋一,基本款,蓝色系,300-399,368.00 ,主：95%棉5氨纶
25310705,2015UKI秋冬订货会,UKI,针织鱼鳞印花落肩袖T恤,706,793,793浅蓝,L,服装,外出服装系列,T恤,秋,秋一,基本款,蓝色系,300-399,368.00 ,主：95%棉5氨纶
25310705,2015UKI秋冬订货会,UKI,针织鱼鳞印花落肩袖T恤,706,793,793浅蓝,XL,服装,外出服装系列,T恤,秋,秋一,基本款,蓝色系,300-399,368.00 ,主：95%棉5氨纶
25310710,2015UKI秋冬订货会,UKI,针织拼格子印花T恤,707,134,134深灰花沙,M,服装,外出服装系列,T恤,秋,秋一,基本款,黑色系,300-399,328.00 ,主：95%棉5%氨纶                 配：100%棉
25310710,2015UKI秋冬订货会,UKI,针织拼格子印花T恤,707,134,134深灰花沙,L,服装,外出服装系列,T恤,秋,秋一,基本款,黑色系,300-399,328.00 ,主：95%棉5%氨纶                 配：100%棉
25310710,2015UKI秋冬订货会,UKI,针织拼格子印花T恤,707,134,134深灰花沙,XL,服装,外出服装系列,T恤,秋,秋一,基本款,黑色系,300-399,328.00 ,主：95%棉5%氨纶                 配：100%棉
25310710,2015UKI秋冬订货会,UKI,针织拼格子印花T恤,708,174,174浅灰花沙,M,服装,外出服装系列,T恤,秋,秋一,基本款,黑色系,300-399,328.00 ,主：95%棉5%氨纶                 配：100%棉
25310710,2015UKI秋冬订货会,UKI,针织拼格子印花T恤,708,174,174浅灰花沙,L,服装,外出服装系列,T恤,秋,秋一,基本款,黑色系,300-399,328.00 ,主：95%棉5%氨纶                 配：100%棉
25310710,2015UKI秋冬订货会,UKI,针织拼格子印花T恤,708,174,174浅灰花沙,XL,服装,外出服装系列,T恤,秋,秋一,基本款,黑色系,300-399,328.00 ,主：95%棉5%氨纶                 配：100%棉
25310708,2015UKI秋冬订货会,UKI,针织印花可哺乳T恤,710,164,164灰色花沙,M,服装,外出服装系列,T恤,秋,秋一,基本款,黑色系,200-299,248.00 ,主：98%棉 2%氨纶
25310708,2015UKI秋冬订货会,UKI,针织印花可哺乳T恤,710,164,164灰色花沙,L,服装,外出服装系列,T恤,秋,秋一,基本款,黑色系,200-299,248.00 ,主：98%棉 2%氨纶
25310708,2015UKI秋冬订货会,UKI,针织印花可哺乳T恤,710,164,164灰色花沙,XL,服装,外出服装系列,T恤,秋,秋一,基本款,黑色系,200-299,248.00 ,主：98%棉 2%氨纶
25310708,2015UKI秋冬订货会,UKI,针织印花可哺乳T恤,711,713,713藏青,M,服装,外出服装系列,T恤,秋,秋一,基本款,蓝色系,200-299,248.00 ,主：98%棉 2%氨纶
25310708,2015UKI秋冬订货会,UKI,针织印花可哺乳T恤,711,713,713藏青,L,服装,外出服装系列,T恤,秋,秋一,基本款,蓝色系,200-299,248.00 ,主：98%棉 2%氨纶
25310708,2015UKI秋冬订货会,UKI,针织印花可哺乳T恤,711,713,713藏青,XL,服装,外出服装系列,T恤,秋,秋一,基本款,蓝色系,200-299,248.00 ,主：98%棉 2%氨纶
25310708,2015UKI秋冬订货会,UKI,针织印花可哺乳T恤,712,933,933桔红,M,服装,外出服装系列,T恤,秋,秋一,基本款,桔色系,200-299,248.00 ,主：98%棉 2%氨纶
25310708,2015UKI秋冬订货会,UKI,针织印花可哺乳T恤,712,933,933桔红,L,服装,外出服装系列,T恤,秋,秋一,基本款,桔色系,200-299,248.00 ,主：98%棉 2%氨纶
25310708,2015UKI秋冬订货会,UKI,针织印花可哺乳T恤,712,933,933桔红,XL,服装,外出服装系列,T恤,秋,秋一,基本款,桔色系,200-299,248.00 ,主：98%棉 2%氨纶
25315702,2015UKI秋冬订货会,UKI,条纹拼罗马哺乳上衣（附赠胸针）,713,168,168灰色条纹,M,服装,外出服装系列,上衣,秋,秋一,基本款,黑色系,300-399,328.00 ,主：90%涤纶 10%人棉 配：72%人棉23%腈纶5%氨纶
25315702,2015UKI秋冬订货会,UKI,条纹拼罗马哺乳上衣（附赠胸针）,713,168,168灰色条纹,L,服装,外出服装系列,上衣,秋,秋一,基本款,黑色系,300-399,328.00 ,主：90%涤纶 10%人棉 配：72%人棉23%腈纶6%氨纶
25315702,2015UKI秋冬订货会,UKI,条纹拼罗马哺乳上衣（附赠胸针）,713,168,168灰色条纹,XL,服装,外出服装系列,上衣,秋,秋一,基本款,黑色系,300-399,328.00 ,主：90%涤纶 10%人棉 配：72%人棉23%腈纶7%氨纶
25315702,2015UKI秋冬订货会,UKI,条纹拼罗马哺乳上衣（附赠胸针）,714,718,718藏青条纹,M,服装,外出服装系列,上衣,秋,秋一,基本款,蓝色系,300-399,328.00 ,主：90%涤纶 10%人棉 配：72%人棉23%腈纶8%氨纶
25315702,2015UKI秋冬订货会,UKI,条纹拼罗马哺乳上衣（附赠胸针）,714,718,718藏青条纹,L,服装,外出服装系列,上衣,秋,秋一,基本款,蓝色系,300-399,328.00 ,主：90%涤纶 10%人棉 配：72%人棉23%腈纶9%氨纶
25315702,2015UKI秋冬订货会,UKI,条纹拼罗马哺乳上衣（附赠胸针）,714,718,718藏青条纹,XL,服装,外出服装系列,上衣,秋,秋一,基本款,蓝色系,300-399,328.00 ,主：90%涤纶 10%人棉 配：72%人棉23%腈纶10%氨纶
25315105,2015UKI秋冬订货会,UKI,牛仔点点衬衫   （附赠胸针）,715,747,747蓝色波点,M,服装,外出服装系列,上衣,秋,秋一,基本款,蓝色系,200-299,298.00 ,主：100%棉
25315105,2015UKI秋冬订货会,UKI,牛仔点点衬衫   （附赠胸针）,715,747,747蓝色波点,L,服装,外出服装系列,上衣,秋,秋一,基本款,蓝色系,200-299,298.00 ,主：100%棉
25315105,2015UKI秋冬订货会,UKI,牛仔点点衬衫   （附赠胸针）,715,747,747蓝色波点,XL,服装,外出服装系列,上衣,秋,秋一,基本款,蓝色系,200-299,298.00 ,主：100%棉
25315708,2015UKI秋冬订货会,UKI,针织鱼鳞印花可哺乳上衣,716,164,164灰色花沙,M,服装,外出服装系列,上衣,秋,秋一,基本款,黑色系,300-399,328.00 ,主：95%棉5%氨纶                 配：100%棉
25315708,2015UKI秋冬订货会,UKI,针织鱼鳞印花可哺乳上衣,716,164,164灰色花沙,L,服装,外出服装系列,上衣,秋,秋一,基本款,黑色系,300-399,328.00 ,主：95%棉5%氨纶                 配：100%棉
25315708,2015UKI秋冬订货会,UKI,针织鱼鳞印花可哺乳上衣,716,164,164灰色花沙,XL,服装,外出服装系列,上衣,秋,秋一,基本款,黑色系,300-399,328.00 ,主：95%棉5%氨纶                 配：100%棉
25315708,2015UKI秋冬订货会,UKI,针织鱼鳞印花可哺乳上衣,717,713,713藏青,M,服装,外出服装系列,上衣,秋,秋一,基本款,蓝色系,300-399,328.00 ,主：95%棉5%氨纶                 配：100%棉
25315708,2015UKI秋冬订货会,UKI,针织鱼鳞印花可哺乳上衣,717,713,713藏青,L,服装,外出服装系列,上衣,秋,秋一,基本款,蓝色系,300-399,328.00 ,主：95%棉5%氨纶                 配：100%棉
25315708,2015UKI秋冬订货会,UKI,针织鱼鳞印花可哺乳上衣,717,713,713藏青,XL,服装,外出服装系列,上衣,秋,秋一,基本款,蓝色系,300-399,328.00 ,主：95%棉5%氨纶                 配：100%棉
25315711,2015UKI秋冬订货会,UKI,鱼鳞拼格子上衣,718,134,134深灰花沙,M,服装,外出服装系列,上衣,秋,秋一,基本款,黑色系,200-299,298.00 ,主：95%棉5%氨纶                      配：100%棉
25315711,2015UKI秋冬订货会,UKI,鱼鳞拼格子上衣,718,134,134深灰花沙,L,服装,外出服装系列,上衣,秋,秋一,基本款,黑色系,200-299,298.00 ,主：95%棉5%氨纶                      配：101%棉
25315711,2015UKI秋冬订货会,UKI,鱼鳞拼格子上衣,718,134,134深灰花沙,XL,服装,外出服装系列,上衣,秋,秋一,基本款,黑色系,200-299,298.00 ,主：95%棉5%氨纶                      配：102%棉
25315703,2015UKI秋冬订货会,UKI,假两件金葱可哺乳有袖上衣（附赠胸针,719,523,523暗红,M,服装,外出服装系列,针织衫,秋,秋一,基本款,红色系,300-399,398.00 ,主：85%腈纶15%金属丝            配：100%涤纶
25315703,2015UKI秋冬订货会,UKI,假两件金葱可哺乳有袖上衣（附赠胸针,719,523,523暗红,L,服装,外出服装系列,针织衫,秋,秋一,基本款,红色系,300-399,398.00 ,主：85%腈纶15%金属丝            配：100%涤纶
25315703,2015UKI秋冬订货会,UKI,假两件金葱可哺乳有袖上衣（附赠胸针,719,523,523暗红,XL,服装,外出服装系列,针织衫,秋,秋一,基本款,红色系,300-399,398.00 ,主：85%腈纶15%金属丝            配：100%涤纶
25315703,2015UKI秋冬订货会,UKI,假两件金葱可哺乳有袖上衣（附赠胸针,720,753,753宝蓝,M,服装,外出服装系列,针织衫,秋,秋一,基本款,蓝色系,300-399,398.00 ,主：85%腈纶15%金属丝            配：100%涤纶
25315703,2015UKI秋冬订货会,UKI,假两件金葱可哺乳有袖上衣（附赠胸针,720,753,753宝蓝,L,服装,外出服装系列,针织衫,秋,秋一,基本款,蓝色系,300-399,398.00 ,主：85%腈纶15%金属丝            配：100%涤纶
25315703,2015UKI秋冬订货会,UKI,假两件金葱可哺乳有袖上衣（附赠胸针,720,753,753宝蓝,XL,服装,外出服装系列,针织衫,秋,秋一,基本款,蓝色系,300-399,398.00 ,主：85%腈纶15%金属丝            配：100%涤纶
25315703,2015UKI秋冬订货会,UKI,假两件金葱可哺乳有袖上衣（附赠胸针,721,933,933桔红,M,服装,外出服装系列,针织衫,秋,秋一,基本款,桔色系,300-399,398.00 ,主：85%腈纶15%金属丝            配：100%涤纶
25315703,2015UKI秋冬订货会,UKI,假两件金葱可哺乳有袖上衣（附赠胸针,721,933,933桔红,L,服装,外出服装系列,针织衫,秋,秋一,基本款,桔色系,300-399,398.00 ,主：85%腈纶15%金属丝            配：100%涤纶
25315703,2015UKI秋冬订货会,UKI,假两件金葱可哺乳有袖上衣（附赠胸针,721,933,933桔红,XL,服装,外出服装系列,针织衫,秋,秋一,基本款,桔色系,300-399,398.00 ,主：85%腈纶15%金属丝            配：100%涤纶
25315709,2015UKI秋冬订货会,UKI,假两件毛衣相拼印花上衣,722,174,174浅灰花沙,M,服装,外出服装系列,针织衫,秋,秋一,基本款,黑色系,300-399,328.00 ,主：35%棉 60%涤 5%氨纶           配：100%棉
25315709,2015UKI秋冬订货会,UKI,假两件毛衣相拼印花上衣,722,174,174浅灰花沙,L,服装,外出服装系列,针织衫,秋,秋一,基本款,黑色系,300-399,328.00 ,主：35%棉 60%涤 5%氨纶           配：100%棉
25315709,2015UKI秋冬订货会,UKI,假两件毛衣相拼印花上衣,722,174,174浅灰花沙,XL,服装,外出服装系列,针织衫,秋,秋一,基本款,黑色系,300-399,328.00 ,主：35%棉 60%涤 5%氨纶           配：100%棉
25312701,2015UKI秋冬订货会,UKI,针织鱼鳞条纹背带裙,723,168,168灰色条纹,M,服装,外出服装系列,无袖连衣裙,秋,秋一,形象款,黑色系,300-399,328.00 ,主：95%棉5%氨纶
25312701,2015UKI秋冬订货会,UKI,针织鱼鳞条纹背带裙,723,168,168灰色条纹,L,服装,外出服装系列,无袖连衣裙,秋,秋一,形象款,黑色系,300-399,328.00 ,主：95%棉5%氨纶
25312701,2015UKI秋冬订货会,UKI,针织鱼鳞条纹背带裙,723,168,168灰色条纹,XL,服装,外出服装系列,无袖连衣裙,秋,秋一,形象款,黑色系,300-399,328.00 ,主：95%棉5%氨纶
25313704,2015UKI秋冬订货会,UKI,针织条纹色拼有袖裙（附赠胸针）,724,168,168灰色条纹,M,服装,外出服装系列,有袖连衣裙,秋,秋一,形象款,黑色系,300-399,398.00 ,主：90%涤纶 10%人棉             配：72%人棉23%腈纶5%氨纶
25313704,2015UKI秋冬订货会,UKI,针织条纹色拼有袖裙（附赠胸针）,724,168,168灰色条纹,L,服装,外出服装系列,有袖连衣裙,秋,秋一,形象款,黑色系,300-399,398.00 ,主：90%涤纶 10%人棉             配：72%人棉23%腈纶5%氨纶
25313704,2015UKI秋冬订货会,UKI,针织条纹色拼有袖裙（附赠胸针）,724,168,168灰色条纹,XL,服装,外出服装系列,有袖连衣裙,秋,秋一,形象款,黑色系,300-399,398.00 ,主：90%涤纶 10%人棉             配：72%人棉23%腈纶5%氨纶
25313704,2015UKI秋冬订货会,UKI,针织条纹色拼有袖裙（附赠胸针）,725,528,528暗红条纹,M,服装,外出服装系列,有袖连衣裙,秋,秋一,形象款,红色系,300-399,398.00 ,主：90%涤纶 10%人棉             配：72%人棉23%腈纶5%氨纶
25313704,2015UKI秋冬订货会,UKI,针织条纹色拼有袖裙（附赠胸针）,725,528,528暗红条纹,L,服装,外出服装系列,有袖连衣裙,秋,秋一,形象款,红色系,300-399,398.00 ,主：90%涤纶 10%人棉             配：72%人棉23%腈纶5%氨纶
25313704,2015UKI秋冬订货会,UKI,针织条纹色拼有袖裙（附赠胸针）,725,528,528暗红条纹,XL,服装,外出服装系列,有袖连衣裙,秋,秋一,形象款,红色系,300-399,398.00 ,主：90%涤纶 10%人棉             配：72%人棉23%腈纶5%氨纶
25313506,2015UKI秋冬订货会,UKI,雪纺爱心印花有袖裙,726,716,716藏青印花,M,服装,外出服装系列,有袖连衣裙,秋,秋一,基本款,蓝色系,300-399,328.00 ,主：100%涤纶                   配：100%涤纶
25313506,2015UKI秋冬订货会,UKI,雪纺爱心印花有袖裙,726,716,716藏青印花,L,服装,外出服装系列,有袖连衣裙,秋,秋一,基本款,蓝色系,300-399,328.00 ,主：100%涤纶                   配：100%涤纶
25313506,2015UKI秋冬订货会,UKI,雪纺爱心印花有袖裙,726,716,716藏青印花,XL,服装,外出服装系列,有袖连衣裙,秋,秋一,基本款,蓝色系,300-399,328.00 ,主：100%涤纶                   配：100%涤纶
25313506,2015UKI秋冬订货会,UKI,雪纺爱心印花有袖裙,727,936,936桔红印花,M,服装,外出服装系列,有袖连衣裙,秋,秋一,基本款,桔色系,300-399,328.00 ,主：100%涤纶                   配：100%涤纶
25313506,2015UKI秋冬订货会,UKI,雪纺爱心印花有袖裙,727,936,936桔红印花,L,服装,外出服装系列,有袖连衣裙,秋,秋一,基本款,桔色系,300-399,328.00 ,主：100%涤纶                   配：100%涤纶
25313506,2015UKI秋冬订货会,UKI,雪纺爱心印花有袖裙,727,936,936桔红印花,XL,服装,外出服装系列,有袖连衣裙,秋,秋一,基本款,桔色系,300-399,328.00 ,主：100%涤纶                   配：100%涤纶
25313507,2015UKI秋冬订货会,UKI,空气层绣花拼皮有袖裙,728,103,103黑色,M,服装,外出服装系列,有袖连衣裙,秋,秋一,基本款,黑色系,300-399,368.00 ,主：95%涤 5%氨纶                配：60%PU  40%粘胶
25313507,2015UKI秋冬订货会,UKI,空气层绣花拼皮有袖裙,728,103,103黑色,L,服装,外出服装系列,有袖连衣裙,秋,秋一,基本款,黑色系,300-399,368.00 ,主：95%涤 5%氨纶                配：60%PU  41%粘胶
25313507,2015UKI秋冬订货会,UKI,空气层绣花拼皮有袖裙,728,103,103黑色,XL,服装,外出服装系列,有袖连衣裙,秋,秋一,基本款,黑色系,300-399,368.00 ,主：95%涤 5%氨纶                配：60%PU  42%粘胶
25313507,2015UKI秋冬订货会,UKI,空气层绣花拼皮有袖裙,729,134,134深灰花沙,M,服装,外出服装系列,有袖连衣裙,秋,秋一,基本款,黑色系,300-399,368.00 ,主：95%涤 5%氨纶                配：60%PU  43%粘胶
25313507,2015UKI秋冬订货会,UKI,空气层绣花拼皮有袖裙,729,134,134深灰花沙,L,服装,外出服装系列,有袖连衣裙,秋,秋一,基本款,黑色系,300-399,368.00 ,主：95%涤 5%氨纶                配：60%PU  44%粘胶
25313507,2015UKI秋冬订货会,UKI,空气层绣花拼皮有袖裙,729,134,134深灰花沙,XL,服装,外出服装系列,有袖连衣裙,秋,秋一,基本款,黑色系,300-399,368.00 ,主：95%涤 5%氨纶                配：60%PU  45%粘胶
25313715,2015UKI秋冬订货会,UKI,双面针织印花有袖裙,730,174,174浅灰花沙,M,服装,外出服装系列,有袖连衣裙,秋,秋一,基本款,黑色系,300-399,368.00 ,主：80%棉16%涤4%氨纶                配：100%
25313715,2015UKI秋冬订货会,UKI,双面针织印花有袖裙,730,174,174浅灰花沙,L,服装,外出服装系列,有袖连衣裙,秋,秋一,基本款,黑色系,300-399,368.00 ,主：80%棉16%涤4%氨纶                配：100%
25313715,2015UKI秋冬订货会,UKI,双面针织印花有袖裙,730,174,174浅灰花沙,XL,服装,外出服装系列,有袖连衣裙,秋,秋一,基本款,黑色系,300-399,368.00 ,主：80%棉16%涤4%氨纶                配：100%
25313715,2015UKI秋冬订货会,UKI,双面针织印花有袖裙,731,794,794浅蓝花沙,M,服装,外出服装系列,有袖连衣裙,秋,秋一,基本款,蓝色系,300-399,368.00 ,主：80%棉16%涤4%氨纶                配：100%
25313715,2015UKI秋冬订货会,UKI,双面针织印花有袖裙,731,794,794浅蓝花沙,L,服装,外出服装系列,有袖连衣裙,秋,秋一,基本款,蓝色系,300-399,368.00 ,主：80%棉16%涤4%氨纶                配：100%
25313715,2015UKI秋冬订货会,UKI,双面针织印花有袖裙,731,794,794浅蓝花沙,XL,服装,外出服装系列,有袖连衣裙,秋,秋一,基本款,蓝色系,300-399,368.00 ,主：80%棉16%涤4%氨纶                配：100%
25313781,2015UKI秋冬订货会,UKI,鱼鳞印花拼牛仔哺乳有袖裙,733,656,656黄色印花,M,服装,外出服装系列,有袖连衣裙,秋,秋一,基本款,黄色系,200-299,298.00 ,主：97%棉 3%氨纶                配：100%棉
25313781,2015UKI秋冬订货会,UKI,鱼鳞印花拼牛仔哺乳有袖裙,733,656,656黄色印花,L,服装,外出服装系列,有袖连衣裙,秋,秋一,基本款,黄色系,200-299,298.00 ,主：97%棉 3%氨纶                配：100%棉
25313781,2015UKI秋冬订货会,UKI,鱼鳞印花拼牛仔哺乳有袖裙,733,656,656黄色印花,XL,服装,外出服装系列,有袖连衣裙,秋,秋一,基本款,黄色系,200-299,298.00 ,主：97%棉 3%氨纶                配：100%棉
25313781,2015UKI秋冬订货会,UKI,鱼鳞印花拼牛仔哺乳有袖裙,734,716,716藏青印花,M,服装,外出服装系列,有袖连衣裙,秋,秋一,基本款,蓝色系,200-299,298.00 ,主：97%棉 3%氨纶                配：100%棉
25313781,2015UKI秋冬订货会,UKI,鱼鳞印花拼牛仔哺乳有袖裙,734,716,716藏青印花,L,服装,外出服装系列,有袖连衣裙,秋,秋一,基本款,蓝色系,200-299,298.00 ,主：97%棉 3%氨纶                配：100%棉
25313781,2015UKI秋冬订货会,UKI,鱼鳞印花拼牛仔哺乳有袖裙,734,716,716藏青印花,XL,服装,外出服装系列,有袖连衣裙,秋,秋一,基本款,蓝色系,200-299,298.00 ,主：97%棉 3%氨纶                配：100%棉
25319504,2015UKI秋冬订货会,UKI,空气层色拼棒球服,735,103,103黑色,M,服装,外出服装系列,外套,秋,秋一,基本款,黑色系,500-999,528.00 ,主：95%涤纶5%氨纶               配：95%涤纶5%氨纶
25319504,2015UKI秋冬订货会,UKI,空气层色拼棒球服,735,103,103黑色,L,服装,外出服装系列,外套,秋,秋一,基本款,黑色系,500-999,528.00 ,主：95%涤纶5%氨纶               配：95%涤纶6%氨纶
25319504,2015UKI秋冬订货会,UKI,空气层色拼棒球服,735,103,103黑色,XL,服装,外出服装系列,外套,秋,秋一,基本款,黑色系,500-999,528.00 ,主：95%涤纶5%氨纶               配：95%涤纶7%氨纶
25319503,2015UKI秋冬订货会,UKI,绣标装饰撞色棒球服,736,103,103黑色,M,服装,外出服装系列,外套,秋,秋一,基本款,黑色系,400-499,468.00 ,主：100%涤纶                   配：95%涤纶5%氨纶
25319503,2015UKI秋冬订货会,UKI,绣标装饰撞色棒球服,736,103,103黑色,L,服装,外出服装系列,外套,秋,秋一,基本款,黑色系,400-499,468.00 ,主：100%涤纶                   配：95%涤纶5%氨纶
25319503,2015UKI秋冬订货会,UKI,绣标装饰撞色棒球服,736,103,103黑色,XL,服装,外出服装系列,外套,秋,秋一,基本款,黑色系,400-499,468.00 ,主：100%涤纶                   配：95%涤纶5%氨纶
25319503,2015UKI秋冬订货会,UKI,绣标装饰撞色棒球服,737,753,753宝蓝,M,服装,外出服装系列,外套,秋,秋一,基本款,蓝色系,400-499,468.00 ,主：100%涤纶                   配：95%涤纶5%氨纶
25319503,2015UKI秋冬订货会,UKI,绣标装饰撞色棒球服,737,753,753宝蓝,L,服装,外出服装系列,外套,秋,秋一,基本款,蓝色系,400-499,468.00 ,主：100%涤纶                   配：95%涤纶5%氨纶
25319503,2015UKI秋冬订货会,UKI,绣标装饰撞色棒球服,737,753,753宝蓝,XL,服装,外出服装系列,外套,秋,秋一,基本款,蓝色系,400-499,468.00 ,主：100%涤纶                   配：95%涤纶5%氨纶
25316702,2015UKI秋冬订货会,UKI,针织鱼鳞印花背带裤,738,164,164灰色花沙,M,服装,外出服装系列,背带裤,秋,秋一,基本款,黑色系,400-499,468.00 ,主：85%棉15%涤纶
25316702,2015UKI秋冬订货会,UKI,针织鱼鳞印花背带裤,738,164,164灰色花沙,L,服装,外出服装系列,背带裤,秋,秋一,基本款,黑色系,400-499,468.00 ,主：85%棉15%涤纶
25316702,2015UKI秋冬订货会,UKI,针织鱼鳞印花背带裤,738,164,164灰色花沙,XL,服装,外出服装系列,背带裤,秋,秋一,基本款,黑色系,400-499,468.00 ,主：85%棉15%涤纶
25316702,2015UKI秋冬订货会,UKI,针织鱼鳞印花背带裤,739,723,723深蓝,M,服装,外出服装系列,背带裤,秋,秋一,基本款,蓝色系,400-499,468.00 ,主：85%棉15%涤纶
25316702,2015UKI秋冬订货会,UKI,针织鱼鳞印花背带裤,739,723,723深蓝,L,服装,外出服装系列,背带裤,秋,秋一,基本款,蓝色系,400-499,468.00 ,主：85%棉15%涤纶
25316702,2015UKI秋冬订货会,UKI,针织鱼鳞印花背带裤,739,723,723深蓝,XL,服装,外出服装系列,背带裤,秋,秋一,基本款,蓝色系,400-499,468.00 ,主：85%棉15%涤纶
25318282,2015UKI秋冬订货会,UKI,彩色纱卡全长铅笔裤,740,103,103黑色,M,服装,外出服装系列,便裤（裤子）,秋,秋一,基本款,黑色系,200-299,268.00 ,主：97%棉 3%氨纶
25318282,2015UKI秋冬订货会,UKI,彩色纱卡全长铅笔裤,740,103,103黑色,L,服装,外出服装系列,便裤（裤子）,秋,秋一,基本款,黑色系,200-299,268.00 ,主：97%棉 3%氨纶
25318282,2015UKI秋冬订货会,UKI,彩色纱卡全长铅笔裤,740,103,103黑色,XL,服装,外出服装系列,便裤（裤子）,秋,秋一,基本款,黑色系,200-299,268.00 ,主：97%棉 3%氨纶
25318282,2015UKI秋冬订货会,UKI,彩色纱卡全长铅笔裤,741,753,753宝蓝,M,服装,外出服装系列,便裤（裤子）,秋,秋一,基本款,蓝色系,200-299,268.00 ,主：97%棉 3%氨纶
25318282,2015UKI秋冬订货会,UKI,彩色纱卡全长铅笔裤,741,753,753宝蓝,L,服装,外出服装系列,便裤（裤子）,秋,秋一,基本款,蓝色系,200-299,268.00 ,主：97%棉 3%氨纶
25318282,2015UKI秋冬订货会,UKI,彩色纱卡全长铅笔裤,741,753,753宝蓝,XL,服装,外出服装系列,便裤（裤子）,秋,秋一,基本款,蓝色系,200-299,268.00 ,主：97%棉 3%氨纶
25318282,2015UKI秋冬订货会,UKI,彩色纱卡全长铅笔裤,742,933,933桔红,M,服装,外出服装系列,便裤（裤子）,秋,秋一,基本款,桔色系,200-299,268.00 ,主：97%棉 3%氨纶
25318282,2015UKI秋冬订货会,UKI,彩色纱卡全长铅笔裤,742,933,933桔红,L,服装,外出服装系列,便裤（裤子）,秋,秋一,基本款,桔色系,200-299,268.00 ,主：97%棉 3%氨纶
25318282,2015UKI秋冬订货会,UKI,彩色纱卡全长铅笔裤,742,933,933桔红,XL,服装,外出服装系列,便裤（裤子）,秋,秋一,基本款,桔色系,200-299,268.00 ,主：97%棉 3%氨纶
25318283,2015UKI秋冬订货会,UKI,彩色棉贡全长铅笔裤,743,103,103黑色,M,服装,外出服装系列,便裤（裤子）,秋,秋一,基本款,黑色系,200-299,268.00 ,主：97%棉 3%氨纶
25318283,2015UKI秋冬订货会,UKI,彩色棉贡全长铅笔裤,743,103,103黑色,L,服装,外出服装系列,便裤（裤子）,秋,秋一,基本款,黑色系,200-299,268.00 ,主：97%棉 3%氨纶
25318283,2015UKI秋冬订货会,UKI,彩色棉贡全长铅笔裤,743,103,103黑色,XL,服装,外出服装系列,便裤（裤子）,秋,秋一,基本款,黑色系,200-299,268.00 ,主：97%棉 3%氨纶
25318283,2015UKI秋冬订货会,UKI,彩色棉贡全长铅笔裤,744,523,523暗红,M,服装,外出服装系列,便裤（裤子）,秋,秋一,基本款,红色系,200-299,268.00 ,主：97%棉 3%氨纶
25318283,2015UKI秋冬订货会,UKI,彩色棉贡全长铅笔裤,744,523,523暗红,L,服装,外出服装系列,便裤（裤子）,秋,秋一,基本款,红色系,200-299,268.00 ,主：97%棉 3%氨纶
25318283,2015UKI秋冬订货会,UKI,彩色棉贡全长铅笔裤,744,523,523暗红,XL,服装,外出服装系列,便裤（裤子）,秋,秋一,基本款,红色系,200-299,268.00 ,主：97%棉 3%氨纶
25318283,2015UKI秋冬订货会,UKI,彩色棉贡全长铅笔裤,745,713,713藏青,M,服装,外出服装系列,便裤（裤子）,秋,秋一,基本款,蓝色系,200-299,268.00 ,主：97%棉 3%氨纶
25318283,2015UKI秋冬订货会,UKI,彩色棉贡全长铅笔裤,745,713,713藏青,L,服装,外出服装系列,便裤（裤子）,秋,秋一,基本款,蓝色系,200-299,268.00 ,主：97%棉 3%氨纶
25318283,2015UKI秋冬订货会,UKI,彩色棉贡全长铅笔裤,745,713,713藏青,XL,服装,外出服装系列,便裤（裤子）,秋,秋一,基本款,蓝色系,200-299,268.00 ,主：97%棉 3%氨纶
25318705,2015UKI秋冬订货会,UKI,32S棉弹针织全长打底裤,746,103,103黑色,M,服装,外出服装系列,便裤（裤子）,秋,秋一,基本款,黑色系,100-199,168.00 ,主：98%棉 2%氨纶
25318705,2015UKI秋冬订货会,UKI,32S棉弹针织全长打底裤,746,103,103黑色,L,服装,外出服装系列,便裤（裤子）,秋,秋一,基本款,黑色系,100-199,168.00 ,主：98%棉 2%氨纶
25318705,2015UKI秋冬订货会,UKI,32S棉弹针织全长打底裤,746,103,103黑色,XL,服装,外出服装系列,便裤（裤子）,秋,秋一,基本款,黑色系,100-199,168.00 ,主：98%棉 2%氨纶
25318705,2015UKI秋冬订货会,UKI,32S棉弹针织全长打底裤,747,134,134深灰花沙,M,服装,外出服装系列,便裤（裤子）,秋,秋一,基本款,黑色系,100-199,168.00 ,主：98%棉 2%氨纶
25318705,2015UKI秋冬订货会,UKI,32S棉弹针织全长打底裤,747,134,134深灰花沙,L,服装,外出服装系列,便裤（裤子）,秋,秋一,基本款,黑色系,100-199,168.00 ,主：98%棉 2%氨纶
25318705,2015UKI秋冬订货会,UKI,32S棉弹针织全长打底裤,747,134,134深灰花沙,XL,服装,外出服装系列,便裤（裤子）,秋,秋一,基本款,黑色系,100-199,168.00 ,主：98%棉 2%氨纶
25318705,2015UKI秋冬订货会,UKI,32S棉弹针织全长打底裤,748,713,713藏青,M,服装,外出服装系列,便裤（裤子）,秋,秋一,基本款,蓝色系,100-199,168.00 ,主：98%棉 2%氨纶
25318705,2015UKI秋冬订货会,UKI,32S棉弹针织全长打底裤,748,713,713藏青,L,服装,外出服装系列,便裤（裤子）,秋,秋一,基本款,蓝色系,100-199,168.00 ,主：98%棉 2%氨纶
25318705,2015UKI秋冬订货会,UKI,32S棉弹针织全长打底裤,748,713,713藏青,XL,服装,外出服装系列,便裤（裤子）,秋,秋一,基本款,蓝色系,100-199,168.00 ,主：98%棉 2%氨纶
25318784,2015UKI秋冬订货会,UKI,罗马全长铅笔裤,749,103,103黑色,M,服装,外出服装系列,便裤（裤子）,秋,秋一,基本款,黑色系,200-299,268.00 ,主：72%人棉23%腈纶5%氨纶
25318784,2015UKI秋冬订货会,UKI,罗马全长铅笔裤,749,103,103黑色,L,服装,外出服装系列,便裤（裤子）,秋,秋一,基本款,黑色系,200-299,268.00 ,主：72%人棉23%腈纶6%氨纶
25318784,2015UKI秋冬订货会,UKI,罗马全长铅笔裤,749,103,103黑色,XL,服装,外出服装系列,便裤（裤子）,秋,秋一,基本款,黑色系,200-299,268.00 ,主：72%人棉23%腈纶7%氨纶
25318708,2015UKI秋冬订货会,UKI,针织鱼鳞全长萝卜裤,750,433,433军绿,M,服装,外出服装系列,便裤（裤子）,秋,秋一,形象款,绿色系,200-299,298.00 ,主：95%棉5%氨纶
25318708,2015UKI秋冬订货会,UKI,针织鱼鳞全长萝卜裤,750,433,433军绿,L,服装,外出服装系列,便裤（裤子）,秋,秋一,形象款,绿色系,200-299,298.00 ,主：95%棉5%氨纶
25318708,2015UKI秋冬订货会,UKI,针织鱼鳞全长萝卜裤,750,433,433军绿,XL,服装,外出服装系列,便裤（裤子）,秋,秋一,形象款,绿色系,200-299,298.00 ,主：95%棉5%氨纶
25318703,2015UKI秋冬订货会,UKI,32S鱼鳞全长铅笔裤,751,103,103黑色,M,服装,外出服装系列,便裤（裤子）,秋,秋一,基本款,黑色系,200-299,298.00 ,主：95%棉5%氨纶
25318703,2015UKI秋冬订货会,UKI,32S鱼鳞全长铅笔裤,751,103,103黑色,L,服装,外出服装系列,便裤（裤子）,秋,秋一,基本款,黑色系,200-299,298.00 ,主：95%棉5%氨纶
25318703,2015UKI秋冬订货会,UKI,32S鱼鳞全长铅笔裤,751,103,103黑色,XL,服装,外出服装系列,便裤（裤子）,秋,秋一,基本款,黑色系,200-299,298.00 ,主：95%棉5%氨纶
25318703,2015UKI秋冬订货会,UKI,32S鱼鳞全长铅笔裤,752,134,134深灰花沙,M,服装,外出服装系列,便裤（裤子）,秋,秋一,基本款,黑色系,200-299,298.00 ,主：95%棉5%氨纶
25318703,2015UKI秋冬订货会,UKI,32S鱼鳞全长铅笔裤,752,134,134深灰花沙,L,服装,外出服装系列,便裤（裤子）,秋,秋一,基本款,黑色系,200-299,298.00 ,主：95%棉5%氨纶
25318703,2015UKI秋冬订货会,UKI,32S鱼鳞全长铅笔裤,752,134,134深灰花沙,XL,服装,外出服装系列,便裤（裤子）,秋,秋一,基本款,黑色系,200-299,298.00 ,主：95%棉5%氨纶
25318709,2015UKI秋冬订货会,UKI,32S鱼鳞全长直筒裤,753,103,103黑色,M,服装,外出服装系列,便裤（裤子）,秋,秋一,基本款,黑色系,200-299,298.00 ,主：95%棉5%氨纶
25318709,2015UKI秋冬订货会,UKI,32S鱼鳞全长直筒裤,753,103,103黑色,L,服装,外出服装系列,便裤（裤子）,秋,秋一,基本款,黑色系,200-299,298.00 ,主：95%棉5%氨纶
25318709,2015UKI秋冬订货会,UKI,32S鱼鳞全长直筒裤,753,103,103黑色,XL,服装,外出服装系列,便裤（裤子）,秋,秋一,基本款,黑色系,200-299,298.00 ,主：95%棉5%氨纶
25318709,2015UKI秋冬订货会,UKI,32S鱼鳞全长直筒裤,754,134,134深灰花沙,M,服装,外出服装系列,便裤（裤子）,秋,秋一,基本款,黑色系,200-299,298.00 ,主：95%棉5%氨纶
25318709,2015UKI秋冬订货会,UKI,32S鱼鳞全长直筒裤,754,134,134深灰花沙,L,服装,外出服装系列,便裤（裤子）,秋,秋一,基本款,黑色系,200-299,298.00 ,主：95%棉5%氨纶
25318709,2015UKI秋冬订货会,UKI,32S鱼鳞全长直筒裤,754,134,134深灰花沙,XL,服装,外出服装系列,便裤（裤子）,秋,秋一,基本款,黑色系,200-299,298.00 ,主：95%棉5%氨纶
25318709,2015UKI秋冬订货会,UKI,32S鱼鳞全长直筒裤,755,713,713藏青,M,服装,外出服装系列,便裤（裤子）,秋,秋一,基本款,蓝色系,200-299,298.00 ,主：95%棉5%氨纶
25318709,2015UKI秋冬订货会,UKI,32S鱼鳞全长直筒裤,755,713,713藏青,L,服装,外出服装系列,便裤（裤子）,秋,秋一,基本款,蓝色系,200-299,298.00 ,主：95%棉5%氨纶
25318709,2015UKI秋冬订货会,UKI,32S鱼鳞全长直筒裤,755,713,713藏青,XL,服装,外出服装系列,便裤（裤子）,秋,秋一,基本款,蓝色系,200-299,298.00 ,主：95%棉5%氨纶
25318785,2015UKI秋冬订货会,UKI,针织鱼鳞全长萝卜裤,756,103,103黑色,M,服装,外出服装系列,便裤（裤子）,秋,秋一,基本款,黑色系,200-299,268.00 ,主：97%棉 3%氨纶
25318785,2015UKI秋冬订货会,UKI,针织鱼鳞全长萝卜裤,756,103,103黑色,L,服装,外出服装系列,便裤（裤子）,秋,秋一,基本款,黑色系,200-299,268.00 ,主：97%棉 3%氨纶
25318785,2015UKI秋冬订货会,UKI,针织鱼鳞全长萝卜裤,756,103,103黑色,XL,服装,外出服装系列,便裤（裤子）,秋,秋一,基本款,黑色系,200-299,268.00 ,主：97%棉 3%氨纶
25318785,2015UKI秋冬订货会,UKI,针织鱼鳞全长萝卜裤,757,753,753宝蓝,M,服装,外出服装系列,便裤（裤子）,秋,秋一,基本款,蓝色系,200-299,268.00 ,主：97%棉 3%氨纶
25318785,2015UKI秋冬订货会,UKI,针织鱼鳞全长萝卜裤,757,753,753宝蓝,L,服装,外出服装系列,便裤（裤子）,秋,秋一,基本款,蓝色系,200-299,268.00 ,主：97%棉 3%氨纶
25318785,2015UKI秋冬订货会,UKI,针织鱼鳞全长萝卜裤,757,753,753宝蓝,XL,服装,外出服装系列,便裤（裤子）,秋,秋一,基本款,蓝色系,200-299,268.00 ,主：97%棉 3%氨纶
25318186,2015UKI秋冬订货会,UKI,针织牛仔全长铅笔裤,758,103,103黑色,M,服装,外出服装系列,便裤（裤子）,秋,秋一,基本款,黑色系,300-399,328.00 ,主：55%棉40%腈纶5%氨纶
25318186,2015UKI秋冬订货会,UKI,针织牛仔全长铅笔裤,758,103,103黑色,L,服装,外出服装系列,便裤（裤子）,秋,秋一,基本款,黑色系,300-399,328.00 ,主：55%棉40%腈纶5%氨纶
25318186,2015UKI秋冬订货会,UKI,针织牛仔全长铅笔裤,758,103,103黑色,XL,服装,外出服装系列,便裤（裤子）,秋,秋一,基本款,黑色系,300-399,328.00 ,主：55%棉40%腈纶5%氨纶
25318186,2015UKI秋冬订货会,UKI,针织牛仔全长铅笔裤,759,743,743蓝色,M,服装,外出服装系列,便裤（裤子）,秋,秋一,基本款,蓝色系,300-399,328.00 ,主：55%棉40%腈纶5%氨纶
25318186,2015UKI秋冬订货会,UKI,针织牛仔全长铅笔裤,759,743,743蓝色,L,服装,外出服装系列,便裤（裤子）,秋,秋一,基本款,蓝色系,300-399,328.00 ,主：55%棉40%腈纶5%氨纶
25318186,2015UKI秋冬订货会,UKI,针织牛仔全长铅笔裤,759,743,743蓝色,XL,服装,外出服装系列,便裤（裤子）,秋,秋一,基本款,蓝色系,300-399,328.00 ,主：55%棉40%腈纶5%氨纶
25318104,2015UKI秋冬订货会,UKI,水洗牛仔全长铅笔裤,760,103,103黑色,M,服装,外出服装系列,便裤（裤子）,秋,秋一,基本款,黑色系,300-399,368.00 ,主：55%棉40%锦纶5%氨纶
25318104,2015UKI秋冬订货会,UKI,水洗牛仔全长铅笔裤,760,103,103黑色,L,服装,外出服装系列,便裤（裤子）,秋,秋一,基本款,黑色系,300-399,368.00 ,主：55%棉40%锦纶5%氨纶
25318104,2015UKI秋冬订货会,UKI,水洗牛仔全长铅笔裤,760,103,103黑色,XL,服装,外出服装系列,便裤（裤子）,秋,秋一,基本款,黑色系,300-399,368.00 ,主：55%棉40%锦纶5%氨纶
25318104,2015UKI秋冬订货会,UKI,水洗牛仔全长铅笔裤,761,743,743蓝色,M,服装,外出服装系列,便裤（裤子）,秋,秋一,基本款,蓝色系,300-399,368.00 ,主：55%棉40%锦纶5%氨纶
25318104,2015UKI秋冬订货会,UKI,水洗牛仔全长铅笔裤,761,743,743蓝色,L,服装,外出服装系列,便裤（裤子）,秋,秋一,基本款,蓝色系,300-399,368.00 ,主：55%棉40%锦纶5%氨纶
25318104,2015UKI秋冬订货会,UKI,水洗牛仔全长铅笔裤,761,743,743蓝色,XL,服装,外出服装系列,便裤（裤子）,秋,秋一,基本款,蓝色系,300-399,368.00 ,主：55%棉40%锦纶5%氨纶
25318105,2015UKI秋冬订货会,UKI,水洗牛仔全长直筒裤,762,743,743蓝色,M,服装,外出服装系列,便裤（裤子）,秋,秋一,基本款,蓝色系,300-399,368.00 ,主：56%棉24%涤18%黏胶2%氨纶
25318105,2015UKI秋冬订货会,UKI,水洗牛仔全长直筒裤,762,743,743蓝色,L,服装,外出服装系列,便裤（裤子）,秋,秋一,基本款,蓝色系,300-399,368.00 ,主：56%棉24%涤18%黏胶2%氨纶
25318105,2015UKI秋冬订货会,UKI,水洗牛仔全长直筒裤,762,743,743蓝色,XL,服装,外出服装系列,便裤（裤子）,秋,秋一,基本款,蓝色系,300-399,368.00 ,主：56%棉24%涤18%黏胶2%氨纶
25318106,2015UKI秋冬订货会,UKI,弹力牛仔全长铅笔裤,763,713,713藏青,M,服装,外出服装系列,便裤（裤子）,秋,秋一,基本款,蓝色系,300-399,328.00 ,主：56%棉24%涤18%黏胶2%氨纶
25318106,2015UKI秋冬订货会,UKI,弹力牛仔全长铅笔裤,763,713,713藏青,L,服装,外出服装系列,便裤（裤子）,秋,秋一,基本款,蓝色系,300-399,328.00 ,主：56%棉24%涤18%黏胶2%氨纶
25318106,2015UKI秋冬订货会,UKI,弹力牛仔全长铅笔裤,763,713,713藏青,XL,服装,外出服装系列,便裤（裤子）,秋,秋一,基本款,蓝色系,300-399,328.00 ,主：56%棉24%涤18%黏胶2%氨纶
25318187,2015UKI秋冬订货会,UKI,全长牛仔铅笔裤,764,793,793浅蓝,M,服装,外出服装系列,便裤（裤子）,秋,秋一,基本款,蓝色系,300-399,368.00 ,主：98%棉 2%氨纶
25318187,2015UKI秋冬订货会,UKI,全长牛仔铅笔裤,764,793,793浅蓝,L,服装,外出服装系列,便裤（裤子）,秋,秋一,基本款,蓝色系,300-399,368.00 ,主：98%棉 2%氨纶
25318187,2015UKI秋冬订货会,UKI,全长牛仔铅笔裤,764,793,793浅蓝,XL,服装,外出服装系列,便裤（裤子）,秋,秋一,基本款,蓝色系,300-399,368.00 ,主：98%棉 2%氨纶
25310702,2015UKI秋冬订货会,UKI,空气层条纹色拼T恤(附赠胸针）,765,168,168灰色条纹,M,服装,外出服装系列,T恤,秋,秋二,基本款,黑色系,300-399,328.00 ,主：73%涤纶 27%棉               配：50%棉40%涤纶10%氨纶
25310702,2015UKI秋冬订货会,UKI,空气层条纹色拼T恤(附赠胸针）,765,168,168灰色条纹,L,服装,外出服装系列,T恤,秋,秋二,基本款,黑色系,300-399,328.00 ,主：73%涤纶 27%棉               配：50%棉40%涤纶10%氨纶
25310702,2015UKI秋冬订货会,UKI,空气层条纹色拼T恤(附赠胸针）,765,168,168灰色条纹,XL,服装,外出服装系列,T恤,秋,秋二,基本款,黑色系,300-399,328.00 ,主：73%涤纶 27%棉               配：50%棉40%涤纶10%氨纶
25310702,2015UKI秋冬订货会,UKI,空气层条纹色拼T恤(附赠胸针）,766,758,758宝蓝条纹,M,服装,外出服装系列,T恤,秋,秋二,基本款,蓝色系,300-399,328.00 ,主：73%涤纶 27%棉               配：50%棉40%涤纶10%氨纶
25310702,2015UKI秋冬订货会,UKI,空气层条纹色拼T恤(附赠胸针）,766,758,758宝蓝条纹,L,服装,外出服装系列,T恤,秋,秋二,基本款,蓝色系,300-399,328.00 ,主：73%涤纶 27%棉               配：50%棉40%涤纶10%氨纶
25310702,2015UKI秋冬订货会,UKI,空气层条纹色拼T恤(附赠胸针）,766,758,758宝蓝条纹,XL,服装,外出服装系列,T恤,秋,秋二,基本款,蓝色系,300-399,328.00 ,主：73%涤纶 27%棉               配：50%棉40%涤纶10%氨纶
25310788,2015UKI秋冬订货会,UKI,花边领可哺乳T恤,767,233,233本白,M,服装,外出服装系列,T恤,秋,秋二,基本款,白色系,300-399,198.00 ,主：98%棉 2%氨纶
25310788,2015UKI秋冬订货会,UKI,花边领可哺乳T恤,767,233,233本白,L,服装,外出服装系列,T恤,秋,秋二,基本款,白色系,300-399,198.00 ,主：98%棉 2%氨纶
25310788,2015UKI秋冬订货会,UKI,花边领可哺乳T恤,767,233,233本白,XL,服装,外出服装系列,T恤,秋,秋二,基本款,白色系,300-399,198.00 ,主：98%棉 2%氨纶
25310788,2015UKI秋冬订货会,UKI,花边领可哺乳T恤,768,933,933桔红,M,服装,外出服装系列,T恤,秋,秋二,基本款,桔色系,300-399,198.00 ,主：98%棉 2%氨纶
25310788,2015UKI秋冬订货会,UKI,花边领可哺乳T恤,768,933,933桔红,L,服装,外出服装系列,T恤,秋,秋二,基本款,桔色系,300-399,198.00 ,主：98%棉 2%氨纶
25310788,2015UKI秋冬订货会,UKI,花边领可哺乳T恤,768,933,933桔红,XL,服装,外出服装系列,上衣,秋,秋二,基本款,桔色系,300-399,198.00 ,主：98%棉 2%氨纶
25315710,2015UKI秋冬订货会,UKI,复合毛衣料绣花上衣,769,593,593裸粉,M,服装,外出服装系列,上衣,秋,秋二,形象款,红色系,300-399,348.00 ,主：100%涤纶
25315710,2015UKI秋冬订货会,UKI,复合毛衣料绣花上衣,769,593,593裸粉,L,服装,外出服装系列,上衣,秋,秋二,形象款,红色系,300-399,348.00 ,主：100%涤纶
25315710,2015UKI秋冬订货会,UKI,复合毛衣料绣花上衣,769,593,593裸粉,XL,服装,外出服装系列,上衣,秋,秋二,形象款,红色系,300-399,348.00 ,主：100%涤纶
25315710,2015UKI秋冬订货会,UKI,复合毛衣料绣花上衣,770,793,793浅蓝,M,服装,外出服装系列,上衣,秋,秋二,形象款,蓝色系,300-399,348.00 ,主：100%涤纶
25315710,2015UKI秋冬订货会,UKI,复合毛衣料绣花上衣,770,793,793浅蓝,L,服装,外出服装系列,上衣,秋,秋二,形象款,蓝色系,300-399,348.00 ,主：100%涤纶
25315710,2015UKI秋冬订货会,UKI,复合毛衣料绣花上衣,770,793,793浅蓝,XL,服装,外出服装系列,上衣,秋,秋二,形象款,蓝色系,300-399,348.00 ,主：100%涤纶
25315404,2015UKI秋冬订货会,UKI,千鸟格假两件式上衣,772,796,796浅蓝印花,M,服装,外出服装系列,上衣,秋,秋二,形象款,蓝色系,300-399,368.00 ,主：52%腈纶 45%涤 3%氨纶        配：100%涤纶
25315404,2015UKI秋冬订货会,UKI,千鸟格假两件式上衣,772,796,796浅蓝印花,L,服装,外出服装系列,上衣,秋,秋二,形象款,蓝色系,300-399,368.00 ,主：52%腈纶 45%涤 3%氨纶        配：100%涤纶
25315404,2015UKI秋冬订货会,UKI,千鸟格假两件式上衣,772,796,796浅蓝印花,XL,服装,外出服装系列,上衣,秋,秋二,形象款,蓝色系,300-399,368.00 ,主：52%腈纶 45%涤 3%氨纶        配：100%涤纶
25313703,2015UKI秋冬订货会,UKI,复合毛衣料绣花有袖裙,773,593,593裸粉,M,服装,外出服装系列,有袖连衣裙,秋,秋二,形象款,红色系,300-399,398.00 ,主：100%涤纶
25313703,2015UKI秋冬订货会,UKI,复合毛衣料绣花有袖裙,773,593,593裸粉,L,服装,外出服装系列,有袖连衣裙,秋,秋二,形象款,红色系,300-399,398.00 ,主：100%涤纶
25313703,2015UKI秋冬订货会,UKI,复合毛衣料绣花有袖裙,773,593,593裸粉,XL,服装,外出服装系列,有袖连衣裙,秋,秋二,形象款,红色系,300-399,398.00 ,主：100%涤纶
25313703,2015UKI秋冬订货会,UKI,复合毛衣料绣花有袖裙,774,793,793浅蓝,M,服装,外出服装系列,有袖连衣裙,秋,秋二,形象款,蓝色系,300-399,398.00 ,主：100%涤纶
25313703,2015UKI秋冬订货会,UKI,复合毛衣料绣花有袖裙,774,793,793浅蓝,L,服装,外出服装系列,有袖连衣裙,秋,秋二,形象款,蓝色系,300-399,398.00 ,主：100%涤纶
25313703,2015UKI秋冬订货会,UKI,复合毛衣料绣花有袖裙,774,793,793浅蓝,XL,服装,外出服装系列,有袖连衣裙,秋,秋二,形象款,蓝色系,300-399,398.00 ,主：100%涤纶
25313501,2015UKI秋冬订货会,UKI,梭织印花拼皮有袖裙,775,546,546大红印花,M,服装,外出服装系列,有袖连衣裙,秋,秋二,基本款,红色系,300-399,368.00 ,主：100%涤纶                   配：60%PU  40%粘胶
25313501,2015UKI秋冬订货会,UKI,梭织印花拼皮有袖裙,775,546,546大红印花,L,服装,外出服装系列,有袖连衣裙,秋,秋二,基本款,红色系,300-399,368.00 ,主：100%涤纶                   配：60%PU  40%粘胶
25313501,2015UKI秋冬订货会,UKI,梭织印花拼皮有袖裙,775,546,546大红印花,XL,服装,外出服装系列,有袖连衣裙,秋,秋二,基本款,红色系,300-399,368.00 ,主：100%涤纶                   配：60%PU  40%粘胶
25313709,2015UKI秋冬订货会,UKI,蝴蝶结印花鱼鳞刷毛裙,776,793,793浅蓝,M,服装,外出服装系列,有袖连衣裙,秋,秋二,基本款,蓝色系,300-399,368.00 ,主：65棉%35%涤沦               配：97%棉3%氨纶
25313709,2015UKI秋冬订货会,UKI,蝴蝶结印花鱼鳞刷毛裙,776,793,793浅蓝,L,服装,外出服装系列,有袖连衣裙,秋,秋二,基本款,蓝色系,300-399,368.00 ,主：65棉%35%涤沦               配：97%棉3%氨纶
25313709,2015UKI秋冬订货会,UKI,蝴蝶结印花鱼鳞刷毛裙,776,793,793浅蓝,XL,服装,外出服装系列,有袖连衣裙,秋,秋二,基本款,蓝色系,300-399,368.00 ,主：65棉%35%涤沦               配：97%棉3%氨纶
25313709,2015UKI秋冬订货会,UKI,蝴蝶结印花鱼鳞刷毛裙,777,933,933桔红,M,服装,外出服装系列,有袖连衣裙,秋,秋二,基本款,桔色系,300-399,368.00 ,主：65棉%35%涤沦               配：97%棉3%氨纶
25313709,2015UKI秋冬订货会,UKI,蝴蝶结印花鱼鳞刷毛裙,777,933,933桔红,L,服装,外出服装系列,有袖连衣裙,秋,秋二,基本款,桔色系,300-399,368.00 ,主：65棉%35%涤沦               配：97%棉3%氨纶
25313709,2015UKI秋冬订货会,UKI,蝴蝶结印花鱼鳞刷毛裙,777,933,933桔红,XL,服装,外出服装系列,有袖连衣裙,秋,秋二,基本款,桔色系,300-399,368.00 ,主：65棉%35%涤沦               配：97%棉3%氨纶
25313710,2015UKI秋冬订货会,UKI,CVC磨毛印花有袖裙,778,174,174浅灰花沙,M,服装,外出服装系列,有袖连衣裙,秋,秋二,基本款,黑色系,300-399,368.00 ,主布：65%棉32%涤沦3%氨纶
25313710,2015UKI秋冬订货会,UKI,CVC磨毛印花有袖裙,778,174,174浅灰花沙,L,服装,外出服装系列,有袖连衣裙,秋,秋二,基本款,黑色系,300-399,368.00 ,主布：65%棉32%涤沦3%氨纶
25313710,2015UKI秋冬订货会,UKI,CVC磨毛印花有袖裙,778,174,174浅灰花沙,XL,服装,外出服装系列,有袖连衣裙,秋,秋二,基本款,黑色系,300-399,368.00 ,主布：65%棉32%涤沦3%氨纶
25313710,2015UKI秋冬订货会,UKI,CVC磨毛印花有袖裙,779,713,713藏青,M,服装,外出服装系列,有袖连衣裙,秋,秋二,基本款,蓝色系,300-399,368.00 ,主布：65%棉32%涤沦3%氨纶
25313710,2015UKI秋冬订货会,UKI,CVC磨毛印花有袖裙,779,713,713藏青,L,服装,外出服装系列,有袖连衣裙,秋,秋二,基本款,蓝色系,300-399,368.00 ,主布：65%棉32%涤沦3%氨纶
25313710,2015UKI秋冬订货会,UKI,CVC磨毛印花有袖裙,779,713,713藏青,XL,服装,外出服装系列,有袖连衣裙,秋,秋二,基本款,蓝色系,300-399,368.00 ,主布：65%棉32%涤沦3%氨纶
25319401,2015UKI秋冬订货会,UKI,毛呢双排扣大衣,780,793,793浅蓝,M,服装,外出服装系列,外套,秋,秋二,基本款,蓝色系,300-399,628.00 ,主布：45%毛55%涤纶
25319401,2015UKI秋冬订货会,UKI,毛呢双排扣大衣,780,793,793浅蓝,L,服装,外出服装系列,外套,秋,秋二,基本款,蓝色系,300-399,628.00 ,主布：45%毛55%涤纶
25319401,2015UKI秋冬订货会,UKI,毛呢双排扣大衣,780,793,793浅蓝,XL,服装,外出服装系列,外套,秋,秋二,基本款,蓝色系,300-399,628.00 ,主布：45%毛55%涤纶
25319206,2015UKI秋冬订货会,UKI,绗棉梭织撞色外套,781,933,933桔红,M,服装,外出服装系列,外套,秋,秋二,基本款,桔色系,300-399,498.00 ,主：65%棉35%锦纶                配：95%棉5%氨纶
25319206,2015UKI秋冬订货会,UKI,绗棉梭织撞色外套,781,933,933桔红,L,服装,外出服装系列,外套,秋,秋二,基本款,桔色系,300-399,498.00 ,主：65%棉35%锦纶                配：95%棉5%氨纶
25319206,2015UKI秋冬订货会,UKI,绗棉梭织撞色外套,781,933,933桔红,XL,服装,外出服装系列,外套,秋,秋二,基本款,桔色系,300-399,498.00 ,主：65%棉35%锦纶                配：95%棉5%氨纶
25319201,2015UKI秋冬订货会,UKI,绗棉梭织波点撞色外套,782,717,717藏青波点,M,服装,外出服装系列,外套,秋,秋二,基本款,蓝色系,300-399,498.00 ,主：65%棉35%锦纶                配：95%棉5%氨纶
25319201,2015UKI秋冬订货会,UKI,绗棉梭织波点撞色外套,782,717,717藏青波点,L,服装,外出服装系列,外套,秋,秋二,基本款,蓝色系,300-399,498.00 ,主：65%棉35%锦纶                配：95%棉5%氨纶
25319201,2015UKI秋冬订货会,UKI,绗棉梭织波点撞色外套,782,717,717藏青波点,XL,服装,外出服装系列,外套,秋,秋二,基本款,蓝色系,300-399,498.00 ,主：65%棉35%锦纶                配：95%棉5%氨纶
25319589,2015UKI秋冬订货会,UKI,羊羔绒拼花纱呢外套,783,164,164灰色花沙,M,服装,外出服装系列,外套,秋,秋二,基本款,黑色系,300-399,428.00 ,主：100%涤纶
25319589,2015UKI秋冬订货会,UKI,羊羔绒拼花纱呢外套,783,164,164灰色花沙,L,服装,外出服装系列,外套,秋,秋二,基本款,黑色系,300-399,428.00 ,主：100%涤纶
25319589,2015UKI秋冬订货会,UKI,羊羔绒拼花纱呢外套,783,164,164灰色花沙,XL,服装,外出服装系列,外套,秋,秋二,基本款,黑色系,300-399,428.00 ,主：100%涤纶
25316703,2015UKI秋冬订货会,UKI,针织鱼鳞贴标背带裤,784,103,103黑色,M,服装,外出服装系列,背带裤,秋,秋二,基本款,黑色系,300-399,428.00 ,主：95%棉5%氨纶
25316703,2015UKI秋冬订货会,UKI,针织鱼鳞贴标背带裤,784,103,103黑色,L,服装,外出服装系列,背带裤,秋,秋二,基本款,黑色系,300-399,428.00 ,主：95%棉5%氨纶
25316703,2015UKI秋冬订货会,UKI,针织鱼鳞贴标背带裤,784,103,103黑色,XL,服装,外出服装系列,背带裤,秋,秋二,基本款,黑色系,300-399,428.00 ,主：95%棉5%氨纶
25316703,2015UKI秋冬订货会,UKI,针织鱼鳞贴标背带裤,785,134,134深灰花沙,M,服装,外出服装系列,背带裤,秋,秋二,基本款,黑色系,300-399,428.00 ,主：95%棉5%氨纶
25316703,2015UKI秋冬订货会,UKI,针织鱼鳞贴标背带裤,785,134,134深灰花沙,L,服装,外出服装系列,背带裤,秋,秋二,基本款,黑色系,300-399,428.00 ,主：95%棉5%氨纶
25316703,2015UKI秋冬订货会,UKI,针织鱼鳞贴标背带裤,785,134,134深灰花沙,XL,服装,外出服装系列,背带裤,秋,秋二,基本款,黑色系,300-399,428.00 ,主：95%棉5%氨纶
25318212,2015UKI秋冬订货会,UKI,高弹斜纹抓毛全长铅笔裤,786,103,103黑色,M,服装,外出服装系列,便裤（裤子）,秋,秋二,基本款,黑色系,300-399,398.00 ,主：97%棉 3%氨纶
25318212,2015UKI秋冬订货会,UKI,高弹斜纹抓毛全长铅笔裤,786,103,103黑色,L,服装,外出服装系列,便裤（裤子）,秋,秋二,基本款,黑色系,300-399,398.00 ,主：97%棉 3%氨纶
25318212,2015UKI秋冬订货会,UKI,高弹斜纹抓毛全长铅笔裤,786,103,103黑色,XL,服装,外出服装系列,便裤（裤子）,秋,秋二,基本款,黑色系,300-399,398.00 ,主：97%棉 3%氨纶
25318212,2015UKI秋冬订货会,UKI,高弹斜纹抓毛全长铅笔裤,787,753,753宝蓝,M,服装,外出服装系列,便裤（裤子）,秋,秋二,基本款,蓝色系,300-399,398.00 ,主：97%棉 3%氨纶
25318212,2015UKI秋冬订货会,UKI,高弹斜纹抓毛全长铅笔裤,787,753,753宝蓝,L,服装,外出服装系列,便裤（裤子）,秋,秋二,基本款,蓝色系,300-399,398.00 ,主：97%棉 3%氨纶
25318212,2015UKI秋冬订货会,UKI,高弹斜纹抓毛全长铅笔裤,787,753,753宝蓝,XL,服装,外出服装系列,便裤（裤子）,秋,秋二,基本款,蓝色系,300-399,398.00 ,主：97%棉 3%氨纶
25318707,2015UKI秋冬订货会,UKI,CVC脚口拼条纹打底裤,788,103,103黑色,M,服装,外出服装系列,便裤（裤子）,秋,秋二,基本款,黑色系,200-299,228.00 ,主：65%棉32%涤沦3%氨纶
25318707,2015UKI秋冬订货会,UKI,CVC脚口拼条纹打底裤,788,103,103黑色,L,服装,外出服装系列,便裤（裤子）,秋,秋二,基本款,黑色系,200-299,228.00 ,主：65%棉32%涤沦3%氨纶
25318707,2015UKI秋冬订货会,UKI,CVC脚口拼条纹打底裤,788,103,103黑色,XL,服装,外出服装系列,便裤（裤子）,秋,秋二,基本款,黑色系,200-299,228.00 ,主：65%棉32%涤沦3%氨纶
25318707,2015UKI秋冬订货会,UKI,CVC脚口拼条纹打底裤,789,134,134深灰花沙,M,服装,外出服装系列,便裤（裤子）,秋,秋二,基本款,黑色系,200-299,228.00 ,主：65%棉32%涤沦3%氨纶
25318707,2015UKI秋冬订货会,UKI,CVC脚口拼条纹打底裤,789,134,134深灰花沙,L,服装,外出服装系列,便裤（裤子）,秋,秋二,基本款,黑色系,200-299,228.00 ,主：65%棉32%涤沦3%氨纶
25318707,2015UKI秋冬订货会,UKI,CVC脚口拼条纹打底裤,789,134,134深灰花沙,XL,服装,外出服装系列,便裤（裤子）,秋,秋二,基本款,黑色系,200-299,228.00 ,主：65%棉32%涤沦3%氨纶
25318707,2015UKI秋冬订货会,UKI,CVC脚口拼条纹打底裤,790,523,523暗红,M,服装,外出服装系列,便裤（裤子）,秋,秋二,基本款,红色系,200-299,228.00 ,主：65%棉32%涤沦3%氨纶
25318707,2015UKI秋冬订货会,UKI,CVC脚口拼条纹打底裤,790,523,523暗红,L,服装,外出服装系列,便裤（裤子）,秋,秋二,基本款,红色系,200-299,228.00 ,主：65%棉32%涤沦3%氨纶
25318707,2015UKI秋冬订货会,UKI,CVC脚口拼条纹打底裤,790,523,523暗红,XL,服装,外出服装系列,便裤（裤子）,秋,秋二,基本款,红色系,200-299,228.00 ,主：65%棉32%涤沦3%氨纶
25318706,2015UKI秋冬订货会,UKI,CVC全长基本打底裤,791,103,103黑色,M,服装,外出服装系列,便裤（裤子）,秋,秋二,基本款,黑色系,100-199,198.00 ,主：65%棉32%涤沦3%氨纶
25318706,2015UKI秋冬订货会,UKI,CVC全长基本打底裤,791,103,103黑色,L,服装,外出服装系列,便裤（裤子）,秋,秋二,基本款,黑色系,100-199,198.00 ,主：65%棉32%涤沦3%氨纶
25318706,2015UKI秋冬订货会,UKI,CVC全长基本打底裤,791,103,103黑色,XL,服装,外出服装系列,便裤（裤子）,秋,秋二,基本款,黑色系,100-199,198.00 ,主：65%棉32%涤沦3%氨纶
25318706,2015UKI秋冬订货会,UKI,CVC全长基本打底裤,792,134,134深灰花沙,M,服装,外出服装系列,便裤（裤子）,秋,秋二,基本款,黑色系,100-199,198.00 ,主：65%棉32%涤沦3%氨纶
25318706,2015UKI秋冬订货会,UKI,CVC全长基本打底裤,792,134,134深灰花沙,L,服装,外出服装系列,便裤（裤子）,秋,秋二,基本款,黑色系,100-199,198.00 ,主：65%棉32%涤沦3%氨纶
25318706,2015UKI秋冬订货会,UKI,CVC全长基本打底裤,792,134,134深灰花沙,XL,服装,外出服装系列,便裤（裤子）,秋,秋二,基本款,黑色系,100-199,198.00 ,主：65%棉32%涤沦3%氨纶
25318706,2015UKI秋冬订货会,UKI,CVC全长基本打底裤,793,523,523暗红,M,服装,外出服装系列,便裤（裤子）,秋,秋二,基本款,红色系,100-199,198.00 ,主：65%棉32%涤沦3%氨纶
25318706,2015UKI秋冬订货会,UKI,CVC全长基本打底裤,793,523,523暗红,L,服装,外出服装系列,便裤（裤子）,秋,秋二,基本款,红色系,100-199,198.00 ,主：65%棉32%涤沦3%氨纶
25318706,2015UKI秋冬订货会,UKI,CVC全长基本打底裤,793,523,523暗红,XL,服装,外出服装系列,便裤（裤子）,秋,秋二,基本款,红色系,100-199,198.00 ,主：65%棉32%涤沦3%氨纶
25318701,2015UKI秋冬订货会,UKI,双面针织全长铅笔裤,794,103,103黑色,M,服装,外出服装系列,便裤（裤子）,秋,秋二,基本款,黑色系,300-399,328.00 ,主：95%棉5%氨纶
25318701,2015UKI秋冬订货会,UKI,双面针织全长铅笔裤,794,103,103黑色,L,服装,外出服装系列,便裤（裤子）,秋,秋二,基本款,黑色系,300-399,328.00 ,主：95%棉5%氨纶
25318701,2015UKI秋冬订货会,UKI,双面针织全长铅笔裤,794,103,103黑色,XL,服装,外出服装系列,便裤（裤子）,秋,秋二,基本款,黑色系,300-399,328.00 ,主：95%棉5%氨纶
25318701,2015UKI秋冬订货会,UKI,双面针织全长铅笔裤,795,134,134深灰花沙,M,服装,外出服装系列,便裤（裤子）,秋,秋二,基本款,黑色系,300-399,328.00 ,主：95%棉5%氨纶
25318701,2015UKI秋冬订货会,UKI,双面针织全长铅笔裤,795,134,134深灰花沙,L,服装,外出服装系列,便裤（裤子）,秋,秋二,基本款,黑色系,300-399,328.00 ,主：95%棉5%氨纶
25318701,2015UKI秋冬订货会,UKI,双面针织全长铅笔裤,795,134,134深灰花沙,XL,服装,外出服装系列,便裤（裤子）,秋,秋二,基本款,黑色系,300-399,328.00 ,主：95%棉5%氨纶
25318702,2015UKI秋冬订货会,UKI,双面针织全长小直筒裤,796,103,103黑色,M,服装,外出服装系列,便裤（裤子）,秋,秋二,基本款,黑色系,300-399,328.00 ,主：95%棉5%氨纶
25318702,2015UKI秋冬订货会,UKI,双面针织全长小直筒裤,796,103,103黑色,L,服装,外出服装系列,便裤（裤子）,秋,秋二,基本款,黑色系,300-399,328.00 ,主：95%棉5%氨纶
25318702,2015UKI秋冬订货会,UKI,双面针织全长小直筒裤,796,103,103黑色,XL,服装,外出服装系列,便裤（裤子）,秋,秋二,基本款,黑色系,300-399,328.00 ,主：95%棉5%氨纶
25318702,2015UKI秋冬订货会,UKI,双面针织全长小直筒裤,797,134,134深灰花沙,M,服装,外出服装系列,便裤（裤子）,秋,秋二,基本款,黑色系,300-399,328.00 ,主：95%棉5%氨纶
25318702,2015UKI秋冬订货会,UKI,双面针织全长小直筒裤,797,134,134深灰花沙,L,服装,外出服装系列,便裤（裤子）,秋,秋二,基本款,黑色系,300-399,328.00 ,主：95%棉5%氨纶
25318702,2015UKI秋冬订货会,UKI,双面针织全长小直筒裤,797,134,134深灰花沙,XL,服装,外出服装系列,便裤（裤子）,秋,秋二,基本款,黑色系,300-399,328.00 ,主：95%棉5%氨纶
25318101,2015UKI秋冬订货会,UKI,水洗牛仔全长哈伦裤,798,723,723深蓝,M,服装,外出服装系列,便裤（裤子）,秋,秋二,形象款,蓝色系,300-399,398.00 ,主：71%棉27%涤2%氨纶
25318101,2015UKI秋冬订货会,UKI,水洗牛仔全长哈伦裤,798,723,723深蓝,L,服装,外出服装系列,便裤（裤子）,秋,秋二,形象款,蓝色系,300-399,398.00 ,主：71%棉27%涤2%氨纶
25318101,2015UKI秋冬订货会,UKI,水洗牛仔全长哈伦裤,798,723,723深蓝,XL,服装,外出服装系列,便裤（裤子）,秋,秋二,形象款,蓝色系,300-399,398.00 ,主：71%棉27%涤2%氨纶
25410701,2015UKI秋冬订货会,UKI,针织银狐绒印花T恤,799,174,#N/A,M,服装,外出服装系列,T恤,冬,冬一,形象款,黑色系,300-399,368.00 ,主：35%棉       60%聚酯纤维5%氨纶
25410701,2015UKI秋冬订货会,UKI,针织银狐绒印花T恤,799,174,#N/A,L,服装,外出服装系列,T恤,冬,冬一,形象款,黑色系,300-399,368.00 ,主：35%棉       60%聚酯纤维5%氨纶
25410701,2015UKI秋冬订货会,UKI,针织银狐绒印花T恤,799,174,#N/A,XL,服装,外出服装系列,T恤,冬,冬一,形象款,黑色系,300-399,368.00 ,主：35%棉       60%聚酯纤维5%氨纶
25410701,2015UKI秋冬订货会,UKI,针织银狐绒印花T恤,800,583,#N/A,M,服装,外出服装系列,T恤,冬,冬一,形象款,红色系,300-399,368.00 ,主：35%棉       60%聚酯纤维5%氨纶
25410701,2015UKI秋冬订货会,UKI,针织银狐绒印花T恤,800,583,#N/A,L,服装,外出服装系列,T恤,冬,冬一,形象款,红色系,300-399,368.00 ,主：35%棉       60%聚酯纤维5%氨纶
25410701,2015UKI秋冬订货会,UKI,针织银狐绒印花T恤,800,583,#N/A,XL,服装,外出服装系列,T恤,冬,冬一,形象款,红色系,300-399,368.00 ,主：35%棉       60%聚酯纤维5%氨纶
25410703,2015UKI秋冬订货会,UKI,印花装饰鱼鳞刷毛T恤,801,174,#N/A,M,服装,外出服装系列,T恤,冬,冬一,基本款,黑色系,200-299,298.00 ,主：96%棉4%氨纶
25410703,2015UKI秋冬订货会,UKI,印花装饰鱼鳞刷毛T恤,801,174,#N/A,L,服装,外出服装系列,T恤,冬,冬一,基本款,黑色系,200-299,298.00 ,主：96%棉4%氨纶
25410703,2015UKI秋冬订货会,UKI,印花装饰鱼鳞刷毛T恤,801,174,#N/A,XL,服装,外出服装系列,T恤,冬,冬一,基本款,黑色系,200-299,298.00 ,主：96%棉4%氨纶
25410703,2015UKI秋冬订货会,UKI,印花装饰鱼鳞刷毛T恤,802,753,#N/A,M,服装,外出服装系列,T恤,冬,冬一,基本款,蓝色系,200-299,298.00 ,主：96%棉4%氨纶
25410703,2015UKI秋冬订货会,UKI,印花装饰鱼鳞刷毛T恤,802,753,#N/A,L,服装,外出服装系列,T恤,冬,冬一,基本款,蓝色系,200-299,298.00 ,主：96%棉4%氨纶
25410703,2015UKI秋冬订货会,UKI,印花装饰鱼鳞刷毛T恤,802,753,#N/A,XL,服装,外出服装系列,T恤,冬,冬一,基本款,蓝色系,200-299,298.00 ,主：96%棉4%氨纶
25414701,2015UKI秋冬订货会,UKI,针织鱼鳞半裙,803,103,#N/A,M,服装,外出服装系列,单裙,冬,冬一,基本款,黑色系,100-199,198.00 ,主：96%棉4%氨纶
25414701,2015UKI秋冬订货会,UKI,针织鱼鳞半裙,803,103,#N/A,L,服装,外出服装系列,单裙,冬,冬一,基本款,黑色系,100-199,198.00 ,主：96%棉4%氨纶
25414701,2015UKI秋冬订货会,UKI,针织鱼鳞半裙,803,103,#N/A,XL,服装,外出服装系列,单裙,冬,冬一,基本款,黑色系,100-199,198.00 ,主：96%棉4%氨纶
25414701,2015UKI秋冬订货会,UKI,针织鱼鳞半裙,804,174,#N/A,M,服装,外出服装系列,单裙,冬,冬一,基本款,黑色系,100-199,198.00 ,主：96%棉4%氨纶
25414701,2015UKI秋冬订货会,UKI,针织鱼鳞半裙,804,174,#N/A,L,服装,外出服装系列,单裙,冬,冬一,基本款,黑色系,100-199,198.00 ,主：96%棉4%氨纶
25414701,2015UKI秋冬订货会,UKI,针织鱼鳞半裙,804,174,#N/A,XL,服装,外出服装系列,单裙,冬,冬一,基本款,黑色系,100-199,198.00 ,主：96%棉4%氨纶
25414701,2015UKI秋冬订货会,UKI,针织鱼鳞半裙,805,523,#N/A,M,服装,外出服装系列,单裙,冬,冬一,基本款,红色系,100-199,198.00 ,主：96%棉4%氨纶
25414701,2015UKI秋冬订货会,UKI,针织鱼鳞半裙,805,523,#N/A,L,服装,外出服装系列,单裙,冬,冬一,基本款,红色系,100-199,198.00 ,主：96%棉4%氨纶
25414701,2015UKI秋冬订货会,UKI,针织鱼鳞半裙,805,523,#N/A,XL,服装,外出服装系列,单裙,冬,冬一,基本款,红色系,100-199,198.00 ,主：96%棉4%氨纶
25410702,2015UKI秋冬订货会,UKI,鱼鳞刷毛印花卫衣,806,556,#N/A,M,服装,外出服装系列,T恤,冬,冬一,形象款,红色系,0-99,99.00 ,主：96%棉4%氨纶
25410702,2015UKI秋冬订货会,UKI,鱼鳞刷毛印花卫衣,806,556,#N/A,L,服装,外出服装系列,T恤,冬,冬一,形象款,红色系,0-99,99.00 ,主：96%棉4%氨纶
25410702,2015UKI秋冬订货会,UKI,鱼鳞刷毛印花卫衣,806,556,#N/A,XL,服装,外出服装系列,T恤,冬,冬一,形象款,红色系,0-99,99.00 ,主：96%棉4%氨纶
25410702,2015UKI秋冬订货会,UKI,鱼鳞刷毛印花卫衣,807,746,#N/A,M,服装,外出服装系列,T恤,冬,冬一,形象款,蓝色系,0-99,99.00 ,主：96%棉4%氨纶
25410702,2015UKI秋冬订货会,UKI,鱼鳞刷毛印花卫衣,807,746,#N/A,L,服装,外出服装系列,T恤,冬,冬一,形象款,蓝色系,0-99,99.00 ,主：96%棉4%氨纶
25410702,2015UKI秋冬订货会,UKI,鱼鳞刷毛印花卫衣,807,746,#N/A,XL,服装,外出服装系列,T恤,冬,冬一,形象款,蓝色系,0-99,99.00 ,主：96%棉4%氨纶
25415718,2015UKI秋冬订货会,UKI,鱼鳞刷毛长版卫衣,808,174,#N/A,M,服装,外出服装系列,T恤,冬,冬一,基本款,黑色系,0-99,99.00 ,主：96%棉4%氨纶
25415718,2015UKI秋冬订货会,UKI,鱼鳞刷毛长版卫衣,808,174,#N/A,L,服装,外出服装系列,T恤,冬,冬一,基本款,黑色系,0-99,99.00 ,主：96%棉4%氨纶
25415718,2015UKI秋冬订货会,UKI,鱼鳞刷毛长版卫衣,808,174,#N/A,XL,服装,外出服装系列,T恤,冬,冬一,基本款,黑色系,0-99,99.00 ,主：96%棉4%氨纶
25415718,2015UKI秋冬订货会,UKI,鱼鳞刷毛长版卫衣,809,713,#N/A,M,服装,外出服装系列,T恤,冬,冬一,基本款,蓝色系,0-99,99.00 ,主：96%棉4%氨纶
25415718,2015UKI秋冬订货会,UKI,鱼鳞刷毛长版卫衣,809,713,#N/A,L,服装,外出服装系列,T恤,冬,冬一,基本款,蓝色系,0-99,99.00 ,主：96%棉4%氨纶
25415718,2015UKI秋冬订货会,UKI,鱼鳞刷毛长版卫衣,809,713,#N/A,XL,服装,外出服装系列,T恤,冬,冬一,基本款,蓝色系,0-99,99.00 ,主：96%棉4%氨纶
25415702,2015UKI秋冬订货会,UKI,贴布绣针织条纹上衣,810,108,#N/A,M,服装,外出服装系列,上衣,冬,冬一,基本款,黑色系,300-399,328.00 ,主：70%人棉30%涤纶
25415702,2015UKI秋冬订货会,UKI,贴布绣针织条纹上衣,810,108,#N/A,L,服装,外出服装系列,上衣,冬,冬一,基本款,黑色系,300-399,328.00 ,主：70%人棉30%涤纶
25415702,2015UKI秋冬订货会,UKI,贴布绣针织条纹上衣,810,108,#N/A,XL,服装,外出服装系列,上衣,冬,冬一,基本款,黑色系,300-399,328.00 ,主：70%人棉30%涤纶
25415702,2015UKI秋冬订货会,UKI,贴布绣针织条纹上衣,811,528,#N/A,M,服装,外出服装系列,上衣,冬,冬一,基本款,红色系,300-399,328.00 ,主：70%人棉30%涤纶
25415702,2015UKI秋冬订货会,UKI,贴布绣针织条纹上衣,811,528,#N/A,L,服装,外出服装系列,上衣,冬,冬一,基本款,红色系,300-399,328.00 ,主：70%人棉30%涤纶
25415702,2015UKI秋冬订货会,UKI,贴布绣针织条纹上衣,811,528,#N/A,XL,服装,外出服装系列,上衣,冬,冬一,基本款,红色系,300-399,328.00 ,主：70%人棉30%涤纶
25415703,2015UKI秋冬订货会,UKI,立体绗棉针织上衣,812,103,#N/A,M,服装,外出服装系列,上衣,冬,冬一,基本款,黑色系,300-399,328.00 ,主：95%涤纶5%氨纶
25415703,2015UKI秋冬订货会,UKI,立体绗棉针织上衣,812,103,#N/A,L,服装,外出服装系列,上衣,冬,冬一,基本款,黑色系,300-399,328.00 ,主：95%涤纶5%氨纶
25415703,2015UKI秋冬订货会,UKI,立体绗棉针织上衣,812,103,#N/A,XL,服装,外出服装系列,上衣,冬,冬一,基本款,黑色系,300-399,328.00 ,主：95%涤纶5%氨纶
25415703,2015UKI秋冬订货会,UKI,立体绗棉针织上衣,813,233,#N/A,M,服装,外出服装系列,上衣,冬,冬一,基本款,白色系,300-399,328.00 ,主：95%涤纶5%氨纶
25415703,2015UKI秋冬订货会,UKI,立体绗棉针织上衣,813,233,#N/A,L,服装,外出服装系列,上衣,冬,冬一,基本款,白色系,300-399,328.00 ,主：95%涤纶5%氨纶
25415703,2015UKI秋冬订货会,UKI,立体绗棉针织上衣,813,233,#N/A,XL,服装,外出服装系列,上衣,冬,冬一,基本款,白色系,300-399,328.00 ,主：95%涤纶5%氨纶
25415706,2015UKI秋冬订货会,UKI,针织色拼长版上衣,814,525,#N/A,M,服装,外出服装系列,上衣,冬,冬一,基本款,红色系,200-299,298.00 ,主：98%涤纶2%氨纶配布：95%涤纶5%氨纶
25415706,2015UKI秋冬订货会,UKI,针织色拼长版上衣,814,525,#N/A,L,服装,外出服装系列,上衣,冬,冬一,基本款,红色系,200-299,298.00 ,主：98%涤纶2%氨纶配布：95%涤纶5%氨纶
25415706,2015UKI秋冬订货会,UKI,针织色拼长版上衣,814,525,#N/A,XL,服装,外出服装系列,上衣,冬,冬一,基本款,红色系,200-299,298.00 ,主：98%涤纶2%氨纶配布：95%涤纶5%氨纶
25415706,2015UKI秋冬订货会,UKI,针织色拼长版上衣,815,715,#N/A,M,服装,外出服装系列,上衣,冬,冬一,基本款,蓝色系,200-299,298.00 ,主：98%涤纶2%氨纶配布：95%涤纶5%氨纶
25415706,2015UKI秋冬订货会,UKI,针织色拼长版上衣,815,715,#N/A,L,服装,外出服装系列,上衣,冬,冬一,基本款,蓝色系,200-299,298.00 ,主：98%涤纶2%氨纶配布：95%涤纶5%氨纶
25415706,2015UKI秋冬订货会,UKI,针织色拼长版上衣,815,715,#N/A,XL,服装,外出服装系列,上衣,冬,冬一,基本款,蓝色系,200-299,298.00 ,主：98%涤纶2%氨纶配布：95%涤纶5%氨纶
25411702,2015UKI秋冬订货会,UKI,拉链装饰花纱毛衣,816,754,#N/A,M,服装,外出服装系列,针织衫,冬,冬一,基本款,蓝色系,300-399,368.00 ,主：100%涤纶     配布：97%棉3%氨纶
25411702,2015UKI秋冬订货会,UKI,拉链装饰花纱毛衣,816,754,#N/A,L,服装,外出服装系列,针织衫,冬,冬一,基本款,蓝色系,300-399,368.00 ,主：100%涤纶     配布：97%棉3%氨纶
25411702,2015UKI秋冬订货会,UKI,拉链装饰花纱毛衣,816,754,#N/A,XL,服装,外出服装系列,针织衫,冬,冬一,基本款,蓝色系,300-399,368.00 ,主：100%涤纶     配布：97%棉3%氨纶
25411702,2015UKI秋冬订货会,UKI,拉链装饰花纱毛衣,817,664,#N/A,M,服装,外出服装系列,针织衫,冬,冬一,基本款,黄色系,300-399,368.00 ,主：100%涤纶     配布：97%棉3%氨纶
25411702,2015UKI秋冬订货会,UKI,拉链装饰花纱毛衣,817,664,#N/A,L,服装,外出服装系列,针织衫,冬,冬一,基本款,黄色系,300-399,368.00 ,主：100%涤纶     配布：97%棉3%氨纶
25411702,2015UKI秋冬订货会,UKI,拉链装饰花纱毛衣,817,664,#N/A,XL,服装,外出服装系列,针织衫,冬,冬一,基本款,黄色系,300-399,368.00 ,主：100%涤纶     配布：97%棉3%氨纶
25411790,2015UKI秋冬订货会,UKI,全晴仿羊绒半高领毛衣,818,233,#N/A,M,服装,外出服装系列,针织衫,冬,冬一,基本款,白色系,200-299,268.00 ,主：100%腈纶
25411790,2015UKI秋冬订货会,UKI,全晴仿羊绒半高领毛衣,818,233,#N/A,L,服装,外出服装系列,针织衫,冬,冬一,基本款,白色系,200-299,268.00 ,主：100%腈纶
25411790,2015UKI秋冬订货会,UKI,全晴仿羊绒半高领毛衣,818,233,#N/A,XL,服装,外出服装系列,针织衫,冬,冬一,基本款,白色系,200-299,268.00 ,主：100%腈纶
25411790,2015UKI秋冬订货会,UKI,全晴仿羊绒半高领毛衣,819,933,#N/A,M,服装,外出服装系列,针织衫,冬,冬一,基本款,桔色系,200-299,268.00 ,主：100%腈纶
25411790,2015UKI秋冬订货会,UKI,全晴仿羊绒半高领毛衣,819,933,#N/A,L,服装,外出服装系列,针织衫,冬,冬一,基本款,桔色系,200-299,268.00 ,主：100%腈纶
25411790,2015UKI秋冬订货会,UKI,全晴仿羊绒半高领毛衣,819,933,#N/A,XL,服装,外出服装系列,针织衫,冬,冬一,基本款,桔色系,200-299,268.00 ,主：100%腈纶
25412701,2015UKI秋冬订货会,UKI,针织色拼无袖裙,820,103,#N/A,M,服装,外出服装系列,无袖连衣裙,冬,冬一,基本款,黑色系,300-399,328.00 ,主：95%涤纶5%氨纶配布：95%涤纶5%氨纶
25412701,2015UKI秋冬订货会,UKI,针织色拼无袖裙,820,103,#N/A,L,服装,外出服装系列,无袖连衣裙,冬,冬一,基本款,黑色系,300-399,328.00 ,主：95%涤纶5%氨纶配布：95%涤纶5%氨纶
25412701,2015UKI秋冬订货会,UKI,针织色拼无袖裙,820,103,#N/A,XL,服装,外出服装系列,无袖连衣裙,冬,冬一,基本款,黑色系,300-399,328.00 ,主：95%涤纶5%氨纶配布：95%涤纶5%氨纶
25412701,2015UKI秋冬订货会,UKI,针织色拼无袖裙,821,753,#N/A,M,服装,外出服装系列,无袖连衣裙,冬,冬一,基本款,蓝色系,300-399,328.00 ,主：95%涤纶5%氨纶配布：95%涤纶5%氨纶
25412701,2015UKI秋冬订货会,UKI,针织色拼无袖裙,821,753,#N/A,L,服装,外出服装系列,无袖连衣裙,冬,冬一,基本款,蓝色系,300-399,328.00 ,主：95%涤纶5%氨纶配布：95%涤纶5%氨纶
25412701,2015UKI秋冬订货会,UKI,针织色拼无袖裙,821,753,#N/A,XL,服装,外出服装系列,无袖连衣裙,冬,冬一,基本款,蓝色系,300-399,328.00 ,主：95%涤纶5%氨纶配布：95%涤纶5%氨纶
25412403,2015UKI秋冬订货会,UKI,格子色拼无袖裙,822,105,#N/A,M,服装,外出服装系列,无袖连衣裙,冬,冬一,基本款,黑色系,300-399,398.00 ,主：100%涤纶    配布：90%涤 10%粘胶
25412403,2015UKI秋冬订货会,UKI,格子色拼无袖裙,822,105,#N/A,L,服装,外出服装系列,无袖连衣裙,冬,冬一,基本款,黑色系,300-399,398.00 ,主：100%涤纶    配布：90%涤 10%粘胶
25412403,2015UKI秋冬订货会,UKI,格子色拼无袖裙,822,105,#N/A,XL,服装,外出服装系列,无袖连衣裙,冬,冬一,基本款,黑色系,300-399,398.00 ,主：100%涤纶    配布：90%涤 10%粘胶
25412405,2015UKI秋冬订货会,UKI,色织格子无袖裙,823,105,#N/A,M,服装,外出服装系列,无袖连衣裙,冬,冬一,形象款,黑色系,300-399,398.00 ,主：100%涤纶    配布：90%涤 10%粘胶
25412405,2015UKI秋冬订货会,UKI,色织格子无袖裙,823,105,#N/A,L,服装,外出服装系列,无袖连衣裙,冬,冬一,形象款,黑色系,300-399,398.00 ,主：100%涤纶    配布：90%涤 10%粘胶
25412405,2015UKI秋冬订货会,UKI,色织格子无袖裙,823,105,#N/A,XL,服装,外出服装系列,无袖连衣裙,冬,冬一,形象款,黑色系,300-399,398.00 ,主：100%涤纶    配布：90%涤 10%粘胶
25412405,2015UKI秋冬订货会,UKI,色织格子无袖裙,824,545,#N/A,M,服装,外出服装系列,无袖连衣裙,冬,冬一,形象款,红色系,300-399,398.00 ,主：100%涤纶    配布：90%涤 10%粘胶
25412405,2015UKI秋冬订货会,UKI,色织格子无袖裙,824,545,#N/A,L,服装,外出服装系列,无袖连衣裙,冬,冬一,形象款,红色系,300-399,398.00 ,主：100%涤纶    配布：90%涤 10%粘胶
25412405,2015UKI秋冬订货会,UKI,色织格子无袖裙,824,545,#N/A,XL,服装,外出服装系列,无袖连衣裙,冬,冬一,形象款,红色系,300-399,398.00 ,主：100%涤纶    配布：90%涤 10%粘胶
25413717,2015UKI秋冬订货会,UKI,立体格子连衣裙,825,525,#N/A,M,服装,外出服装系列,有袖连衣裙,冬,冬一,基本款,红色系,300-399,398.00 ,主：98%涤纶2%氨纶配布：60%PU  40%粘胶
25413717,2015UKI秋冬订货会,UKI,立体格子连衣裙,825,525,#N/A,L,服装,外出服装系列,有袖连衣裙,冬,冬一,基本款,红色系,300-399,398.00 ,主：98%涤纶2%氨纶配布：60%PU  40%粘胶
25413717,2015UKI秋冬订货会,UKI,立体格子连衣裙,825,525,#N/A,XL,服装,外出服装系列,有袖连衣裙,冬,冬一,基本款,红色系,300-399,398.00 ,主：98%涤纶2%氨纶配布：60%PU  40%粘胶
25413717,2015UKI秋冬订货会,UKI,立体格子连衣裙,826,715,#N/A,M,服装,外出服装系列,有袖连衣裙,冬,冬一,基本款,蓝色系,300-399,398.00 ,主：98%涤纶2%氨纶配布：60%PU  40%粘胶
25413717,2015UKI秋冬订货会,UKI,立体格子连衣裙,826,715,#N/A,L,服装,外出服装系列,有袖连衣裙,冬,冬一,基本款,蓝色系,300-399,398.00 ,主：98%涤纶2%氨纶配布：60%PU  40%粘胶
25413717,2015UKI秋冬订货会,UKI,立体格子连衣裙,826,715,#N/A,XL,服装,外出服装系列,有袖连衣裙,冬,冬一,基本款,蓝色系,300-399,398.00 ,主：98%涤纶2%氨纶配布：60%PU  40%粘胶
25413709,2015UKI秋冬订货会,UKI,鱼鳞刷毛拼豹纹有袖裙,827,174,#N/A,M,服装,外出服装系列,有袖连衣裙,冬,冬一,基本款,黑色系,400-499,468.00 ,主：96%棉4%氨纶
25413709,2015UKI秋冬订货会,UKI,鱼鳞刷毛拼豹纹有袖裙,827,174,#N/A,L,服装,外出服装系列,有袖连衣裙,冬,冬一,基本款,黑色系,400-499,468.00 ,主：96%棉4%氨纶
25413709,2015UKI秋冬订货会,UKI,鱼鳞刷毛拼豹纹有袖裙,827,174,#N/A,XL,服装,外出服装系列,有袖连衣裙,冬,冬一,基本款,黑色系,400-499,468.00 ,主：96%棉4%氨纶
25413709,2015UKI秋冬订货会,UKI,鱼鳞刷毛拼豹纹有袖裙,828,713,#N/A,M,服装,外出服装系列,有袖连衣裙,冬,冬一,基本款,蓝色系,400-499,468.00 ,主：96%棉4%氨纶
25413709,2015UKI秋冬订货会,UKI,鱼鳞刷毛拼豹纹有袖裙,828,713,#N/A,L,服装,外出服装系列,有袖连衣裙,冬,冬一,基本款,蓝色系,400-499,468.00 ,主：96%棉4%氨纶
25413709,2015UKI秋冬订货会,UKI,鱼鳞刷毛拼豹纹有袖裙,828,713,#N/A,XL,服装,外出服装系列,有袖连衣裙,冬,冬一,基本款,蓝色系,400-499,468.00 ,主：96%棉4%氨纶
25413706,2015UKI秋冬订货会,UKI,针织条纹贴标有袖裙,829,108,#N/A,M,服装,外出服装系列,有袖连衣裙,冬,冬一,形象款,黑色系,300-399,368.00 ,主：70%人棉30%涤纶配布：35%棉       60%聚酯纤维5%氨纶
25413706,2015UKI秋冬订货会,UKI,针织条纹贴标有袖裙,829,108,#N/A,L,服装,外出服装系列,有袖连衣裙,冬,冬一,形象款,黑色系,300-399,368.00 ,主：70%人棉30%涤纶配布：35%棉       60%聚酯纤维5%氨纶
25413706,2015UKI秋冬订货会,UKI,针织条纹贴标有袖裙,829,108,#N/A,XL,服装,外出服装系列,有袖连衣裙,冬,冬一,形象款,黑色系,300-399,368.00 ,主：70%人棉30%涤纶配布：35%棉       60%聚酯纤维5%氨纶
25413706,2015UKI秋冬订货会,UKI,针织条纹贴标有袖裙,830,528,#N/A,M,服装,外出服装系列,有袖连衣裙,冬,冬一,形象款,红色系,300-399,368.00 ,主：70%人棉30%涤纶配布：35%棉       60%聚酯纤维5%氨纶
25413706,2015UKI秋冬订货会,UKI,针织条纹贴标有袖裙,830,528,#N/A,L,服装,外出服装系列,有袖连衣裙,冬,冬一,形象款,红色系,300-399,368.00 ,主：70%人棉30%涤纶配布：35%棉       60%聚酯纤维5%氨纶
25413706,2015UKI秋冬订货会,UKI,针织条纹贴标有袖裙,830,528,#N/A,XL,服装,外出服装系列,有袖连衣裙,冬,冬一,形象款,红色系,300-399,368.00 ,主：70%人棉30%涤纶配布：35%棉       60%聚酯纤维5%氨纶
25413701,2015UKI秋冬订货会,UKI,花纱毛衣贴标有袖裙,831,664,#N/A,M,服装,外出服装系列,有袖连衣裙,冬,冬一,基本款,黄色系,300-399,368.00 ,主：100%涤纶    配布：97%棉3%氨纶
25413701,2015UKI秋冬订货会,UKI,花纱毛衣贴标有袖裙,831,664,#N/A,L,服装,外出服装系列,有袖连衣裙,冬,冬一,基本款,黄色系,300-399,368.00 ,主：100%涤纶    配布：97%棉3%氨纶
25413701,2015UKI秋冬订货会,UKI,花纱毛衣贴标有袖裙,831,664,#N/A,XL,服装,外出服装系列,有袖连衣裙,冬,冬一,基本款,黄色系,300-399,368.00 ,主：100%涤纶    配布：97%棉3%氨纶
25413701,2015UKI秋冬订货会,UKI,花纱毛衣贴标有袖裙,832,754,#N/A,M,服装,外出服装系列,有袖连衣裙,冬,冬一,基本款,蓝色系,300-399,368.00 ,主：100%涤纶    配布：97%棉3%氨纶
25413701,2015UKI秋冬订货会,UKI,花纱毛衣贴标有袖裙,832,754,#N/A,L,服装,外出服装系列,有袖连衣裙,冬,冬一,基本款,蓝色系,300-399,368.00 ,主：100%涤纶    配布：97%棉3%氨纶
25413701,2015UKI秋冬订货会,UKI,花纱毛衣贴标有袖裙,832,754,#N/A,XL,服装,外出服装系列,有袖连衣裙,冬,冬一,基本款,蓝色系,300-399,368.00 ,主：100%涤纶    配布：97%棉3%氨纶
25413705,2015UKI秋冬订货会,UKI,鱼鳞刷绒印花有袖裙,833,134,#N/A,M,服装,外出服装系列,有袖连衣裙,冬,冬一,基本款,黑色系,300-399,368.00 ,主：96%棉4%氨纶
25413705,2015UKI秋冬订货会,UKI,鱼鳞刷绒印花有袖裙,833,134,#N/A,L,服装,外出服装系列,有袖连衣裙,冬,冬一,基本款,黑色系,300-399,368.00 ,主：96%棉4%氨纶
25413705,2015UKI秋冬订货会,UKI,鱼鳞刷绒印花有袖裙,833,134,#N/A,XL,服装,外出服装系列,有袖连衣裙,冬,冬一,基本款,黑色系,300-399,368.00 ,主：96%棉4%氨纶
25413705,2015UKI秋冬订货会,UKI,鱼鳞刷绒印花有袖裙,834,523,#N/A,M,服装,外出服装系列,有袖连衣裙,冬,冬一,基本款,红色系,300-399,368.00 ,主：96%棉4%氨纶
25413705,2015UKI秋冬订货会,UKI,鱼鳞刷绒印花有袖裙,834,523,#N/A,L,服装,外出服装系列,有袖连衣裙,冬,冬一,基本款,红色系,300-399,368.00 ,主：96%棉4%氨纶
25413705,2015UKI秋冬订货会,UKI,鱼鳞刷绒印花有袖裙,834,523,#N/A,XL,服装,外出服装系列,有袖连衣裙,冬,冬一,基本款,红色系,300-399,368.00 ,主：96%棉4%氨纶
25413408,2015UKI秋冬订货会,UKI,呢料格子拼皮有袖裙,835,105,#N/A,M,服装,外出服装系列,有袖连衣裙,冬,冬一,形象款,黑色系,300-399,368.00 ,主：100%涤纶配布：60%PU  40%粘胶
25413408,2015UKI秋冬订货会,UKI,呢料格子拼皮有袖裙,835,105,#N/A,L,服装,外出服装系列,有袖连衣裙,冬,冬一,形象款,黑色系,300-399,368.00 ,主：100%涤纶配布：60%PU  40%粘胶
25413408,2015UKI秋冬订货会,UKI,呢料格子拼皮有袖裙,835,105,#N/A,XL,服装,外出服装系列,有袖连衣裙,冬,冬一,形象款,黑色系,300-399,368.00 ,主：100%涤纶配布：60%PU  40%粘胶
25413408,2015UKI秋冬订货会,UKI,呢料格子拼皮有袖裙,836,545,#N/A,M,服装,外出服装系列,有袖连衣裙,冬,冬一,形象款,红色系,300-399,368.00 ,主：100%涤纶配布：60%PU  40%粘胶
25413408,2015UKI秋冬订货会,UKI,呢料格子拼皮有袖裙,836,545,#N/A,L,服装,外出服装系列,有袖连衣裙,冬,冬一,形象款,红色系,300-399,368.00 ,主：100%涤纶配布：60%PU  40%粘胶
25413408,2015UKI秋冬订货会,UKI,呢料格子拼皮有袖裙,836,545,#N/A,XL,服装,外出服装系列,有袖连衣裙,冬,冬一,形象款,红色系,300-399,368.00 ,主：100%涤纶配布：60%PU  40%粘胶
25413710,2015UKI秋冬订货会,UKI,鱼鳞刷毛连帽印花有袖裙,837,174,#N/A,M,服装,外出服装系列,有袖连衣裙,冬,冬一,基本款,黑色系,400-499,428.00 ,主：96%棉4%氨纶
25413710,2015UKI秋冬订货会,UKI,鱼鳞刷毛连帽印花有袖裙,837,174,#N/A,L,服装,外出服装系列,有袖连衣裙,冬,冬一,基本款,黑色系,400-499,428.00 ,主：96%棉4%氨纶
25413710,2015UKI秋冬订货会,UKI,鱼鳞刷毛连帽印花有袖裙,837,174,#N/A,XL,服装,外出服装系列,有袖连衣裙,冬,冬一,基本款,黑色系,400-499,428.00 ,主：96%棉4%氨纶
25413710,2015UKI秋冬订货会,UKI,鱼鳞刷毛连帽印花有袖裙,838,663,#N/A,M,服装,外出服装系列,有袖连衣裙,冬,冬一,基本款,黄色系,400-499,428.00 ,主：96%棉4%氨纶
25413710,2015UKI秋冬订货会,UKI,鱼鳞刷毛连帽印花有袖裙,838,663,#N/A,L,服装,外出服装系列,有袖连衣裙,冬,冬一,基本款,黄色系,400-499,428.00 ,主：96%棉4%氨纶
25413710,2015UKI秋冬订货会,UKI,鱼鳞刷毛连帽印花有袖裙,838,663,#N/A,XL,服装,外出服装系列,有袖连衣裙,冬,冬一,基本款,黄色系,400-499,428.00 ,主：96%棉4%氨纶
25419404,2015UKI秋冬订货会,UKI,呢料落肩茧型大衣,839,793,#N/A,M,服装,外出服装系列,外套,冬,冬一,形象款,蓝色系,500-999,598.00 ,主：90%涤 10%粘胶配布：100%化纤
25419404,2015UKI秋冬订货会,UKI,呢料落肩茧型大衣,839,793,#N/A,L,服装,外出服装系列,外套,冬,冬一,形象款,蓝色系,500-999,598.00 ,主：90%涤 10%粘胶配布：100%化纤
25419404,2015UKI秋冬订货会,UKI,呢料落肩茧型大衣,839,793,#N/A,XL,服装,外出服装系列,外套,冬,冬一,形象款,蓝色系,500-999,598.00 ,主：90%涤 10%粘胶配布：100%化纤
25419404,2015UKI秋冬订货会,UKI,呢料落肩茧型大衣,840,933,#N/A,M,服装,外出服装系列,外套,冬,冬一,形象款,桔色系,500-999,598.00 ,主：90%涤 10%粘胶配布：100%化纤
25419404,2015UKI秋冬订货会,UKI,呢料落肩茧型大衣,840,933,#N/A,L,服装,外出服装系列,外套,冬,冬一,形象款,桔色系,500-999,598.00 ,主：90%涤 10%粘胶配布：100%化纤
25419404,2015UKI秋冬订货会,UKI,呢料落肩茧型大衣,840,933,#N/A,XL,服装,外出服装系列,外套,冬,冬一,形象款,桔色系,500-999,598.00 ,主：90%涤 10%粘胶配布：100%化纤
25419711,2015UKI秋冬订货会,UKI,鱼鳞刷毛色拼连帽外套,841,174,#N/A,M,服装,外出服装系列,外套,冬,冬一,基本款,黑色系,500-999,698.00 ,主：96%棉4%氨纶
44212715,2015UKI秋冬订货会,UKI,鱼鳞刷毛色拼连帽外套,841,174,#N/A,L,服装,外出服装系列,外套,冬,冬一,基本款,黑色系,500-999,698.00 ,主：96%棉4%氨纶
44212715,2015UKI秋冬订货会,UKI,鱼鳞刷毛色拼连帽外套,841,174,#N/A,XL,服装,外出服装系列,外套,冬,冬一,基本款,黑色系,500-999,698.00 ,主：96%棉4%氨纶
44212715,2015UKI秋冬订货会,UKI,鱼鳞刷毛色拼连帽外套,842,543,#N/A,M,服装,外出服装系列,外套,冬,冬一,基本款,红色系,500-999,698.00 ,主：96%棉4%氨纶
44212715,2015UKI秋冬订货会,UKI,鱼鳞刷毛色拼连帽外套,842,543,#N/A,L,服装,外出服装系列,外套,冬,冬一,基本款,红色系,500-999,698.00 ,主：96%棉4%氨纶
44212715,2015UKI秋冬订货会,UKI,鱼鳞刷毛色拼连帽外套,842,543,#N/A,XL,服装,外出服装系列,外套,冬,冬一,基本款,红色系,500-999,698.00 ,主：96%棉4%氨纶
25419591,2015UKI秋冬订货会,UKI,绣标装饰轻薄连帽羽绒服,843,753,#N/A,M,服装,外出服装系列,外套,冬,冬一,基本款,蓝色系,500-999,698.00 ,主：100%涤纶
25419591,2015UKI秋冬订货会,UKI,绣标装饰轻薄连帽羽绒服,843,753,#N/A,L,服装,外出服装系列,外套,冬,冬一,基本款,蓝色系,500-999,698.00 ,主：100%涤纶
25419591,2015UKI秋冬订货会,UKI,绣标装饰轻薄连帽羽绒服,843,753,#N/A,XL,服装,外出服装系列,外套,冬,冬一,基本款,蓝色系,500-999,698.00 ,主：100%涤纶
25419591,2015UKI秋冬订货会,UKI,绣标装饰轻薄连帽羽绒服,844,933,#N/A,M,服装,外出服装系列,外套,冬,冬一,基本款,桔色系,500-999,698.00 ,主：100%涤纶
25419591,2015UKI秋冬订货会,UKI,绣标装饰轻薄连帽羽绒服,844,933,#N/A,L,服装,外出服装系列,外套,冬,冬一,基本款,桔色系,500-999,698.00 ,主：100%涤纶
25419591,2015UKI秋冬订货会,UKI,绣标装饰轻薄连帽羽绒服,844,933,#N/A,XL,服装,外出服装系列,外套,冬,冬一,基本款,桔色系,500-999,698.00 ,主：100%涤纶
25419592,2015UKI秋冬订货会,UKI,色丁雪花绒可脱卸帽长款棉服,845,203,#N/A,M,服装,外出服装系列,外套,冬,冬一,基本款,白色系,500-999,698.00 ,主：100%涤纶
25419592,2015UKI秋冬订货会,UKI,色丁雪花绒可脱卸帽长款棉服,845,203,#N/A,L,服装,外出服装系列,外套,冬,冬一,基本款,白色系,500-999,698.00 ,主：100%涤纶
25419592,2015UKI秋冬订货会,UKI,色丁雪花绒可脱卸帽长款棉服,845,203,#N/A,XL,服装,外出服装系列,外套,冬,冬一,基本款,白色系,500-999,698.00 ,主：100%涤纶
25419592,2015UKI秋冬订货会,UKI,色丁雪花绒可脱卸帽长款棉服,846,453,#N/A,M,服装,外出服装系列,外套,冬,冬一,基本款,绿色系,500-999,698.00 ,主：100%涤纶
25419592,2015UKI秋冬订货会,UKI,色丁雪花绒可脱卸帽长款棉服,846,453,#N/A,L,服装,外出服装系列,外套,冬,冬一,基本款,绿色系,500-999,698.00 ,主：100%涤纶
25419592,2015UKI秋冬订货会,UKI,色丁雪花绒可脱卸帽长款棉服,846,453,#N/A,XL,服装,外出服装系列,外套,冬,冬一,基本款,绿色系,500-999,698.00 ,主：100%涤纶
25419592,2015UKI秋冬订货会,UKI,色丁雪花绒可脱卸帽长款棉服,847,933,#N/A,M,服装,外出服装系列,外套,冬,冬一,基本款,桔色系,500-999,698.00 ,主：100%涤纶
25419592,2015UKI秋冬订货会,UKI,色丁雪花绒可脱卸帽长款棉服,847,933,#N/A,L,服装,外出服装系列,外套,冬,冬一,基本款,桔色系,500-999,698.00 ,主：100%涤纶
25419592,2015UKI秋冬订货会,UKI,色丁雪花绒可脱卸帽长款棉服,847,933,#N/A,XL,服装,外出服装系列,外套,冬,冬一,基本款,桔色系,500-999,698.00 ,主：100%涤纶
25418293,2015UKI秋冬订货会,UKI,棉锦复合摇粒全长铅笔裤,848,103,#N/A,M,服装,外出服装系列,便裤（裤子）,冬,冬一,基本款,黑色系,300-399,368.00 ,主：65%人棉30%涤纶5%氨纶
25418293,2015UKI秋冬订货会,UKI,棉锦复合摇粒全长铅笔裤,848,103,#N/A,L,服装,外出服装系列,便裤（裤子）,冬,冬一,基本款,黑色系,300-399,368.00 ,主：65%人棉30%涤纶5%氨纶
25418293,2015UKI秋冬订货会,UKI,棉锦复合摇粒全长铅笔裤,848,103,#N/A,XL,服装,外出服装系列,便裤（裤子）,冬,冬一,基本款,黑色系,300-399,368.00 ,主：65%人棉30%涤纶5%氨纶
25418293,2015UKI秋冬订货会,UKI,棉锦复合摇粒全长铅笔裤,849,523,#N/A,M,服装,外出服装系列,便裤（裤子）,冬,冬一,基本款,红色系,300-399,368.00 ,主：65%人棉30%涤纶5%氨纶
25418293,2015UKI秋冬订货会,UKI,棉锦复合摇粒全长铅笔裤,849,523,#N/A,L,服装,外出服装系列,便裤（裤子）,冬,冬一,基本款,红色系,300-399,368.00 ,主：65%人棉30%涤纶5%氨纶
25418293,2015UKI秋冬订货会,UKI,棉锦复合摇粒全长铅笔裤,849,523,#N/A,XL,服装,外出服装系列,便裤（裤子）,冬,冬一,基本款,红色系,300-399,368.00 ,主：65%人棉30%涤纶5%氨纶
25418293,2015UKI秋冬订货会,UKI,棉锦复合摇粒全长铅笔裤,850,713,#N/A,M,服装,外出服装系列,便裤（裤子）,冬,冬一,基本款,蓝色系,300-399,368.00 ,主：65%人棉30%涤纶5%氨纶
25418293,2015UKI秋冬订货会,UKI,棉锦复合摇粒全长铅笔裤,850,713,#N/A,L,服装,外出服装系列,便裤（裤子）,冬,冬一,基本款,蓝色系,300-399,368.00 ,主：65%人棉30%涤纶5%氨纶
25418293,2015UKI秋冬订货会,UKI,棉锦复合摇粒全长铅笔裤,850,713,#N/A,XL,服装,外出服装系列,便裤（裤子）,冬,冬一,基本款,蓝色系,300-399,368.00 ,主：65%人棉30%涤纶5%氨纶
25418417,2015UKI秋冬订货会,UKI,呢料短裤,851,713,#N/A,M,服装,外出服装系列,便裤（裤子）,冬,冬一,基本款,蓝色系,200-299,248.00 ,主：90%涤 10%粘胶配布：100%化纤
25418417,2015UKI秋冬订货会,UKI,呢料短裤,851,713,#N/A,L,服装,外出服装系列,便裤（裤子）,冬,冬一,基本款,蓝色系,200-299,248.00 ,主：90%涤 10%粘胶配布：100%化纤
25418417,2015UKI秋冬订货会,UKI,呢料短裤,851,713,#N/A,XL,服装,外出服装系列,便裤（裤子）,冬,冬一,基本款,蓝色系,200-299,248.00 ,主：90%涤 10%粘胶配布：100%化纤
25418417,2015UKI秋冬订货会,UKI,呢料短裤,852,933,#N/A,M,服装,外出服装系列,便裤（裤子）,冬,冬一,基本款,桔色系,200-299,248.00 ,主：90%涤 10%粘胶配布：100%化纤
25418417,2015UKI秋冬订货会,UKI,呢料短裤,852,933,#N/A,L,服装,外出服装系列,便裤（裤子）,冬,冬一,基本款,桔色系,200-299,248.00 ,主：90%涤 10%粘胶配布：100%化纤
25418417,2015UKI秋冬订货会,UKI,呢料短裤,852,933,#N/A,XL,服装,外出服装系列,便裤（裤子）,冬,冬一,基本款,桔色系,200-299,248.00 ,主：90%涤 10%粘胶配布：100%化纤
25418716,2015UKI秋冬订货会,UKI,薄银狐绒全长打底裤,853,103,#N/A,M,服装,外出服装系列,便裤（裤子）,冬,冬一,基本款,黑色系,200-299,228.00 ,主布;35%棉       60%聚酯纤维5%氨纶
25418716,2015UKI秋冬订货会,UKI,薄银狐绒全长打底裤,853,103,#N/A,L,服装,外出服装系列,便裤（裤子）,冬,冬一,基本款,黑色系,200-299,228.00 ,主布;35%棉       60%聚酯纤维5%氨纶
25418716,2015UKI秋冬订货会,UKI,薄银狐绒全长打底裤,853,103,#N/A,XL,服装,外出服装系列,便裤（裤子）,冬,冬一,基本款,黑色系,200-299,228.00 ,主布;35%棉       60%聚酯纤维5%氨纶
25418716,2015UKI秋冬订货会,UKI,薄银狐绒全长打底裤,854,134,#N/A,M,服装,外出服装系列,便裤（裤子）,冬,冬一,基本款,黑色系,200-299,228.00 ,主布;35%棉       60%聚酯纤维5%氨纶
25418716,2015UKI秋冬订货会,UKI,薄银狐绒全长打底裤,854,134,#N/A,L,服装,外出服装系列,便裤（裤子）,冬,冬一,基本款,黑色系,200-299,228.00 ,主布;35%棉       60%聚酯纤维5%氨纶
25418716,2015UKI秋冬订货会,UKI,薄银狐绒全长打底裤,854,134,#N/A,XL,服装,外出服装系列,便裤（裤子）,冬,冬一,基本款,黑色系,200-299,228.00 ,主布;35%棉       60%聚酯纤维5%氨纶
25418711,2015UKI秋冬订货会,UKI,脚口罗纹银狐绒全长萝卜裤,855,103,#N/A,M,服装,外出服装系列,便裤（裤子）,冬,冬一,基本款,黑色系,300-399,328.00 ,主：35%棉 65%涤沦  
25418711,2015UKI秋冬订货会,UKI,脚口罗纹银狐绒全长萝卜裤,855,103,#N/A,L,服装,外出服装系列,便裤（裤子）,冬,冬一,基本款,黑色系,300-399,328.00 ,主：35%棉 65%涤沦  
25418711,2015UKI秋冬订货会,UKI,脚口罗纹银狐绒全长萝卜裤,855,103,#N/A,XL,服装,外出服装系列,便裤（裤子）,冬,冬一,基本款,黑色系,300-399,328.00 ,主：35%棉 65%涤沦  
25418711,2015UKI秋冬订货会,UKI,脚口罗纹银狐绒全长萝卜裤,856,134,#N/A,M,服装,外出服装系列,便裤（裤子）,冬,冬一,基本款,黑色系,300-399,328.00 ,主：35%棉 65%涤沦  
25418711,2015UKI秋冬订货会,UKI,脚口罗纹银狐绒全长萝卜裤,856,134,#N/A,L,服装,外出服装系列,便裤（裤子）,冬,冬一,基本款,黑色系,300-399,328.00 ,主：35%棉 65%涤沦  
25418711,2015UKI秋冬订货会,UKI,脚口罗纹银狐绒全长萝卜裤,856,134,#N/A,XL,服装,外出服装系列,便裤（裤子）,冬,冬一,基本款,黑色系,300-399,328.00 ,主：35%棉 65%涤沦  
25418794,2015UKI秋冬订货会,UKI,鱼鳞刷毛拼羊羔绒全长萝卜裤,857,103,#N/A,M,服装,外出服装系列,便裤（裤子）,冬,冬一,基本款,黑色系,200-299,298.00 ,主：96.1%棉3.9%氨纶
25418794,2015UKI秋冬订货会,UKI,鱼鳞刷毛拼羊羔绒全长萝卜裤,857,103,#N/A,L,服装,外出服装系列,便裤（裤子）,冬,冬一,基本款,黑色系,200-299,298.00 ,主：96.1%棉3.9%氨纶
25418794,2015UKI秋冬订货会,UKI,鱼鳞刷毛拼羊羔绒全长萝卜裤,857,103,#N/A,XL,服装,外出服装系列,便裤（裤子）,冬,冬一,基本款,黑色系,200-299,298.00 ,主：96.1%棉3.9%氨纶
25418794,2015UKI秋冬订货会,UKI,鱼鳞刷毛拼羊羔绒全长萝卜裤,858,134,#N/A,M,服装,外出服装系列,便裤（裤子）,冬,冬一,基本款,黑色系,200-299,298.00 ,主：96.1%棉3.9%氨纶
25418794,2015UKI秋冬订货会,UKI,鱼鳞刷毛拼羊羔绒全长萝卜裤,858,134,#N/A,L,服装,外出服装系列,便裤（裤子）,冬,冬一,基本款,黑色系,200-299,298.00 ,主：96.1%棉3.9%氨纶
25418794,2015UKI秋冬订货会,UKI,鱼鳞刷毛拼羊羔绒全长萝卜裤,858,134,#N/A,XL,服装,外出服装系列,便裤（裤子）,冬,冬一,基本款,黑色系,200-299,298.00 ,主：96.1%棉3.9%氨纶
25418795,2015UKI秋冬订货会,UKI,装饰标鱼鳞刷毛全长直筒裤,859,103,#N/A,M,服装,外出服装系列,便裤（裤子）,冬,冬一,基本款,黑色系,200-299,268.00 ,主：96%棉4%氨纶
25418795,2015UKI秋冬订货会,UKI,装饰标鱼鳞刷毛全长直筒裤,859,103,#N/A,L,服装,外出服装系列,便裤（裤子）,冬,冬一,基本款,黑色系,200-299,268.00 ,主：96%棉4%氨纶
25418795,2015UKI秋冬订货会,UKI,装饰标鱼鳞刷毛全长直筒裤,859,103,#N/A,XL,服装,外出服装系列,便裤（裤子）,冬,冬一,基本款,黑色系,200-299,268.00 ,主：96%棉4%氨纶
25418795,2015UKI秋冬订货会,UKI,装饰标鱼鳞刷毛全长直筒裤,860,134,#N/A,M,服装,外出服装系列,便裤（裤子）,冬,冬一,基本款,黑色系,200-299,268.00 ,主：96%棉4%氨纶
25418795,2015UKI秋冬订货会,UKI,装饰标鱼鳞刷毛全长直筒裤,860,134,#N/A,L,服装,外出服装系列,便裤（裤子）,冬,冬一,基本款,黑色系,200-299,268.00 ,主：96%棉4%氨纶
25418795,2015UKI秋冬订货会,UKI,装饰标鱼鳞刷毛全长直筒裤,860,134,#N/A,XL,服装,外出服装系列,便裤（裤子）,冬,冬一,基本款,黑色系,200-299,268.00 ,主：96%棉4%氨纶
25318796,2015UKI秋冬订货会,UKI,罗马刷绒全长铅笔裤,861,103,#N/A,M,服装,外出服装系列,便裤（裤子）,冬,冬一,基本款,黑色系,200-299,298.00 ,主：95%涤纶 5%氨纶
25318796,2015UKI秋冬订货会,UKI,罗马刷绒全长铅笔裤,861,103,#N/A,L,服装,外出服装系列,便裤（裤子）,冬,冬一,基本款,黑色系,200-299,298.00 ,主：95%涤纶 5%氨纶
25318796,2015UKI秋冬订货会,UKI,罗马刷绒全长铅笔裤,861,103,#N/A,XL,服装,外出服装系列,便裤（裤子）,冬,冬一,基本款,黑色系,200-299,298.00 ,主：95%涤纶 5%氨纶
25418197,2015UKI秋冬订货会,UKI,厚牛仔全长铅笔裤,862,103,#N/A,M,服装,外出服装系列,便裤（裤子）,冬,冬一,基本款,黑色系,300-399,398.00 ,主：80%棉18%涤纶    2%氨纶
25418197,2015UKI秋冬订货会,UKI,厚牛仔全长铅笔裤,862,103,#N/A,L,服装,外出服装系列,便裤（裤子）,冬,冬一,基本款,黑色系,300-399,398.00 ,主：80%棉18%涤纶    2%氨纶
25418197,2015UKI秋冬订货会,UKI,厚牛仔全长铅笔裤,862,103,#N/A,XL,服装,外出服装系列,便裤（裤子）,冬,冬一,基本款,黑色系,300-399,398.00 ,主：80%棉18%涤纶    2%氨纶
25418197,2015UKI秋冬订货会,UKI,厚牛仔全长铅笔裤,863,723,#N/A,M,服装,外出服装系列,便裤（裤子）,冬,冬一,基本款,蓝色系,300-399,398.00 ,主：80%棉18%涤纶    2%氨纶
25418197,2015UKI秋冬订货会,UKI,厚牛仔全长铅笔裤,863,723,#N/A,L,服装,外出服装系列,便裤（裤子）,冬,冬一,基本款,蓝色系,300-399,398.00 ,主：80%棉18%涤纶    2%氨纶
25418197,2015UKI秋冬订货会,UKI,厚牛仔全长铅笔裤,863,723,#N/A,XL,服装,外出服装系列,便裤（裤子）,冬,冬一,基本款,蓝色系,300-399,398.00 ,主：80%棉18%涤纶    2%氨纶
25410708,2015UKI秋冬订货会,UKI,银狐绒长版T恤,864,583,#N/A,M,服装,外出服装系列,T恤,冬,冬二,基本款,红色系,0-99,99.00 ,主：35%棉60%聚酯纤维5%氨纶配布：96%涤纶4%氨纶
25410708,2015UKI秋冬订货会,UKI,银狐绒长版T恤,864,583,#N/A,L,服装,外出服装系列,T恤,冬,冬二,基本款,红色系,0-99,99.00 ,主：35%棉60%聚酯纤维5%氨纶配布：96%涤纶4%氨纶
25410708,2015UKI秋冬订货会,UKI,银狐绒长版T恤,864,583,#N/A,XL,服装,外出服装系列,T恤,冬,冬二,基本款,红色系,0-99,99.00 ,主：35%棉60%聚酯纤维5%氨纶配布：96%涤纶4%氨纶
25410708,2015UKI秋冬订货会,UKI,银狐绒长版T恤,865,713,#N/A,M,服装,外出服装系列,T恤,冬,冬二,基本款,蓝色系,0-99,99.00 ,主：35%棉60%聚酯纤维5%氨纶配布：96%涤纶4%氨纶
25410708,2015UKI秋冬订货会,UKI,银狐绒长版T恤,865,713,#N/A,L,服装,外出服装系列,T恤,冬,冬二,基本款,蓝色系,0-99,99.00 ,主：35%棉60%聚酯纤维5%氨纶配布：96%涤纶4%氨纶
25410708,2015UKI秋冬订货会,UKI,银狐绒长版T恤,865,713,#N/A,XL,服装,外出服装系列,T恤,冬,冬二,基本款,蓝色系,0-99,99.00 ,主：35%棉60%聚酯纤维5%氨纶配布：96%涤纶4%氨纶
25413713,2015UKI秋冬订货会,UKI,银狐绒印花有袖裙,866,103,#N/A,M,服装,外出服装系列,有袖连衣裙,冬,冬二,基本款,黑色系,300-399,368.00 ,主：35%棉60%聚酯纤维5%氨纶配布：95%涤纶5%氨纶
25413713,2015UKI秋冬订货会,UKI,银狐绒印花有袖裙,866,103,#N/A,L,服装,外出服装系列,有袖连衣裙,冬,冬二,基本款,黑色系,300-399,368.00 ,主：35%棉60%聚酯纤维5%氨纶配布：95%涤纶5%氨纶
25413713,2015UKI秋冬订货会,UKI,银狐绒印花有袖裙,866,103,#N/A,XL,服装,外出服装系列,有袖连衣裙,冬,冬二,基本款,黑色系,300-399,368.00 ,主：35%棉60%聚酯纤维5%氨纶配布：95%涤纶5%氨纶
25413713,2015UKI秋冬订货会,UKI,银狐绒印花有袖裙,867,134,#N/A,M,服装,外出服装系列,有袖连衣裙,冬,冬二,基本款,黑色系,300-399,368.00 ,主：35%棉60%聚酯纤维5%氨纶配布：95%涤纶5%氨纶
25413713,2015UKI秋冬订货会,UKI,银狐绒印花有袖裙,867,134,#N/A,L,服装,外出服装系列,有袖连衣裙,冬,冬二,基本款,黑色系,300-399,368.00 ,主：35%棉60%聚酯纤维5%氨纶配布：95%涤纶5%氨纶
25413713,2015UKI秋冬订货会,UKI,银狐绒印花有袖裙,867,134,#N/A,XL,服装,外出服装系列,有袖连衣裙,冬,冬二,基本款,黑色系,300-399,368.00 ,主：35%棉60%聚酯纤维5%氨纶配布：95%涤纶5%氨纶
25413702,2015UKI秋冬订货会,UKI,针织撞色拉绒印花有袖裙,868,134,#N/A,M,服装,外出服装系列,有袖连衣裙,冬,冬二,形象款,黑色系,400-499,428.00 ,主：60%涤纶35%人棉15%腈纶配布：100涤纶
25413702,2015UKI秋冬订货会,UKI,针织撞色拉绒印花有袖裙,868,134,#N/A,L,服装,外出服装系列,有袖连衣裙,冬,冬二,形象款,黑色系,400-499,428.00 ,主：60%涤纶35%人棉15%腈纶配布：100涤纶
25413702,2015UKI秋冬订货会,UKI,针织撞色拉绒印花有袖裙,868,134,#N/A,XL,服装,外出服装系列,有袖连衣裙,冬,冬二,形象款,黑色系,400-499,428.00 ,主：60%涤纶35%人棉15%腈纶配布：100涤纶
25413702,2015UKI秋冬订货会,UKI,针织撞色拉绒印花有袖裙,869,523,#N/A,M,服装,外出服装系列,有袖连衣裙,冬,冬二,形象款,红色系,400-499,428.00 ,主：60%涤纶35%人棉15%腈纶配布：100涤纶
25413702,2015UKI秋冬订货会,UKI,针织撞色拉绒印花有袖裙,869,523,#N/A,L,服装,外出服装系列,有袖连衣裙,冬,冬二,形象款,红色系,400-499,428.00 ,主：60%涤纶35%人棉15%腈纶配布：100涤纶
25413702,2015UKI秋冬订货会,UKI,针织撞色拉绒印花有袖裙,869,523,#N/A,XL,服装,外出服装系列,有袖连衣裙,冬,冬二,形象款,红色系,400-499,428.00 ,主：60%涤纶35%人棉15%腈纶配布：100涤纶
25419506,2015UKI秋冬订货会,UKI,贴标长款棉外套,870,223,#N/A,M,服装,外出服装系列,外套,冬,冬二,基本款,白色系,500-999,780.00 ,主：100%涤纶
25419506,2015UKI秋冬订货会,UKI,贴标长款棉外套,870,223,#N/A,L,服装,外出服装系列,外套,冬,冬二,基本款,白色系,500-999,780.00 ,主：100%涤纶
25419506,2015UKI秋冬订货会,UKI,贴标长款棉外套,870,223,#N/A,XL,服装,外出服装系列,外套,冬,冬二,基本款,白色系,500-999,780.00 ,主：100%涤纶
25419506,2015UKI秋冬订货会,UKI,贴标长款棉外套,871,713,#N/A,M,服装,外出服装系列,外套,冬,冬二,基本款,蓝色系,500-999,780.00 ,主：100%涤纶
25419506,2015UKI秋冬订货会,UKI,贴标长款棉外套,871,713,#N/A,L,服装,外出服装系列,外套,冬,冬二,基本款,蓝色系,500-999,780.00 ,主：100%涤纶
25419506,2015UKI秋冬订货会,UKI,贴标长款棉外套,871,713,#N/A,XL,服装,外出服装系列,外套,冬,冬二,基本款,蓝色系,500-999,780.00 ,主：100%涤纶
25419402,2015UKI秋冬订货会,UKI,格子呢料大衣,872,105,#N/A,M,服装,外出服装系列,外套,冬,冬二,形象款,黑色系,500-999,698.00 ,主：10%羊毛90%化纤配布：100%涤纶
25419402,2015UKI秋冬订货会,UKI,格子呢料大衣,872,105,#N/A,L,服装,外出服装系列,外套,冬,冬二,形象款,黑色系,500-999,698.00 ,主：10%羊毛90%化纤配布：100%涤纶
25419402,2015UKI秋冬订货会,UKI,格子呢料大衣,872,105,#N/A,XL,服装,外出服装系列,外套,冬,冬二,形象款,黑色系,500-999,698.00 ,主：10%羊毛90%化纤配布：100%涤纶
25419402,2015UKI秋冬订货会,UKI,格子呢料大衣,873,545,#N/A,M,服装,外出服装系列,外套,冬,冬二,形象款,红色系,500-999,698.00 ,主：10%羊毛90%化纤配布：100%涤纶
25419402,2015UKI秋冬订货会,UKI,格子呢料大衣,873,545,#N/A,L,服装,外出服装系列,外套,冬,冬二,形象款,红色系,500-999,698.00 ,主：10%羊毛90%化纤配布：100%涤纶
25419402,2015UKI秋冬订货会,UKI,格子呢料大衣,873,545,#N/A,XL,服装,外出服装系列,外套,冬,冬二,形象款,红色系,500-999,698.00 ,主：10%羊毛90%化纤配布：100%涤纶
25419508,2015UKI秋冬订货会,UKI,A摆羽绒服,874,713,#N/A,M,服装,外出服装系列,外套,冬,冬二,基本款,蓝色系,500-999,880.00 ,主：100%涤纶
25419508,2015UKI秋冬订货会,UKI,A摆羽绒服,874,713,#N/A,L,服装,外出服装系列,外套,冬,冬二,基本款,蓝色系,500-999,880.00 ,主：100%涤纶
25419508,2015UKI秋冬订货会,UKI,A摆羽绒服,874,713,#N/A,XL,服装,外出服装系列,外套,冬,冬二,基本款,蓝色系,500-999,880.00 ,主：100%涤纶
25419508,2015UKI秋冬订货会,UKI,A摆羽绒服,875,933,#N/A,M,服装,外出服装系列,外套,冬,冬二,基本款,桔色系,500-999,880.00 ,主：100%涤纶
25419508,2015UKI秋冬订货会,UKI,A摆羽绒服,875,933,#N/A,L,服装,外出服装系列,外套,冬,冬二,基本款,桔色系,500-999,880.00 ,主：100%涤纶
25419508,2015UKI秋冬订货会,UKI,A摆羽绒服,875,933,#N/A,XL,服装,外出服装系列,外套,冬,冬二,基本款,桔色系,500-999,880.00 ,主：100%涤纶
25419505,2015UKI秋冬订货会,UKI,H型长版羽绒服,876,103,#N/A,M,服装,外出服装系列,外套,冬,冬三,形象款,黑色系,1000-1499,1080.00 ,主：100%涤纶
25419505,2015UKI秋冬订货会,UKI,H型长版羽绒服,876,103,#N/A,L,服装,外出服装系列,外套,冬,冬三,形象款,黑色系,1000-1499,1080.00 ,主：100%涤纶
25419505,2015UKI秋冬订货会,UKI,H型长版羽绒服,876,103,#N/A,XL,服装,外出服装系列,外套,冬,冬三,形象款,黑色系,1000-1499,1080.00 ,主：100%涤纶
25419505,2015UKI秋冬订货会,UKI,H型长版羽绒服,877,583,#N/A,M,服装,外出服装系列,外套,冬,冬三,形象款,红色系,1000-1499,1080.00 ,主：100%涤纶
25419505,2015UKI秋冬订货会,UKI,H型长版羽绒服,877,583,#N/A,L,服装,外出服装系列,外套,冬,冬三,形象款,红色系,1000-1499,1080.00 ,主：100%涤纶
25419505,2015UKI秋冬订货会,UKI,H型长版羽绒服,877,583,#N/A,XL,服装,外出服装系列,外套,冬,冬三,形象款,红色系,1000-1499,1080.00 ,主：100%涤纶
25418515,2015UKI秋冬订货会,UKI,羽绒双拼全长铅笔裤,878,103,#N/A,M,服装,外出服装系列,便裤（裤子）,冬,冬二,形象款,黑色系,400-499,498.00 ,主：97%棉 3%氨纶
25418515,2015UKI秋冬订货会,UKI,羽绒双拼全长铅笔裤,878,103,#N/A,L,服装,外出服装系列,便裤（裤子）,冬,冬二,形象款,黑色系,400-499,498.00 ,主：97%棉 3%氨纶
25418515,2015UKI秋冬订货会,UKI,羽绒双拼全长铅笔裤,878,103,#N/A,XL,服装,外出服装系列,便裤（裤子）,冬,冬二,形象款,黑色系,400-499,498.00 ,主：97%棉 3%氨纶
25418715,2015UKI秋冬订货会,UKI,黄金绒全长打底裤,879,103,#N/A,M,服装,外出服装系列,便裤（裤子）,冬,冬二,基本款,黑色系,300-399,328.00 ,主：92%棉，8%氨纶
25418715,2015UKI秋冬订货会,UKI,黄金绒全长打底裤,879,103,#N/A,L,服装,外出服装系列,便裤（裤子）,冬,冬二,基本款,黑色系,300-399,328.00 ,主：92%棉，8%氨纶
25418715,2015UKI秋冬订货会,UKI,黄金绒全长打底裤,879,103,#N/A,XL,服装,外出服装系列,便裤（裤子）,冬,冬二,基本款,黑色系,300-399,328.00 ,主：92%棉，8%氨纶
25418701,2015UKI秋冬订货会,UKI,银狐绒全长打底裤,880,103,#N/A,M,服装,外出服装系列,便裤（裤子）,冬,冬二,基本款,黑色系,200-299,248.00 ,主：35%棉60%聚酯纤维5%氨纶
25418701,2015UKI秋冬订货会,UKI,银狐绒全长打底裤,880,103,#N/A,L,服装,外出服装系列,便裤（裤子）,冬,冬二,基本款,黑色系,200-299,248.00 ,主：35%棉60%聚酯纤维5%氨纶
25418701,2015UKI秋冬订货会,UKI,银狐绒全长打底裤,880,103,#N/A,XL,服装,外出服装系列,便裤（裤子）,冬,冬二,基本款,黑色系,200-299,248.00 ,主：35%棉60%聚酯纤维5%氨纶
25418701,2015UKI秋冬订货会,UKI,银狐绒全长打底裤,881,134,#N/A,M,服装,外出服装系列,便裤（裤子）,冬,冬二,基本款,黑色系,200-299,248.00 ,主：35%棉60%聚酯纤维5%氨纶
25418701,2015UKI秋冬订货会,UKI,银狐绒全长打底裤,881,134,#N/A,L,服装,外出服装系列,便裤（裤子）,冬,冬二,基本款,黑色系,200-299,248.00 ,主：35%棉60%聚酯纤维5%氨纶
25418701,2015UKI秋冬订货会,UKI,银狐绒全长打底裤,881,134,#N/A,XL,服装,外出服装系列,便裤（裤子）,冬,冬二,基本款,黑色系,200-299,248.00 ,主：35%棉60%聚酯纤维5%氨纶
25418798,2015UKI秋冬订货会,UKI,CVC加绒全长铅笔裤,882,103,#N/A,M,服装,外出服装系列,便裤（裤子）,冬,冬二,基本款,黑色系,300-399,398.00 ,主：65%棉 35%涤
25418798,2015UKI秋冬订货会,UKI,CVC加绒全长铅笔裤,882,103,#N/A,L,服装,外出服装系列,便裤（裤子）,冬,冬二,基本款,黑色系,300-399,398.00 ,主：65%棉 35%涤
25418798,2015UKI秋冬订货会,UKI,CVC加绒全长铅笔裤,882,103,#N/A,XL,服装,外出服装系列,便裤（裤子）,冬,冬二,基本款,黑色系,300-399,398.00 ,主：65%棉 35%涤
25418798,2015UKI秋冬订货会,UKI,CVC加绒全长铅笔裤,883,134,#N/A,M,服装,外出服装系列,便裤（裤子）,冬,冬二,基本款,黑色系,300-399,398.00 ,主：65%棉 35%涤
25418798,2015UKI秋冬订货会,UKI,CVC加绒全长铅笔裤,883,134,#N/A,L,服装,外出服装系列,便裤（裤子）,冬,冬二,基本款,黑色系,300-399,398.00 ,主：65%棉 35%涤
25418798,2015UKI秋冬订货会,UKI,CVC加绒全长铅笔裤,883,134,#N/A,XL,服装,外出服装系列,便裤（裤子）,冬,冬二,基本款,黑色系,300-399,398.00 ,主：65%棉 35%涤
25418713,2015UKI秋冬订货会,UKI,银狐绒绣标装饰全长铅笔裤,884,103,#N/A,M,服装,外出服装系列,便裤（裤子）,冬,冬二,基本款,黑色系,300-399,348.00 ,主：35%棉60%聚酯纤维5%氨纶
25418713,2015UKI秋冬订货会,UKI,银狐绒绣标装饰全长铅笔裤,884,103,#N/A,L,服装,外出服装系列,便裤（裤子）,冬,冬二,基本款,黑色系,300-399,348.00 ,主：35%棉60%聚酯纤维5%氨纶
25418713,2015UKI秋冬订货会,UKI,银狐绒绣标装饰全长铅笔裤,884,103,#N/A,XL,服装,外出服装系列,便裤（裤子）,冬,冬二,基本款,黑色系,300-399,348.00 ,主：35%棉60%聚酯纤维5%氨纶
25418713,2015UKI秋冬订货会,UKI,银狐绒绣标装饰全长铅笔裤,885,134,#N/A,M,服装,外出服装系列,便裤（裤子）,冬,冬二,基本款,黑色系,300-399,348.00 ,主：35%棉60%聚酯纤维5%氨纶
25418713,2015UKI秋冬订货会,UKI,银狐绒绣标装饰全长铅笔裤,885,134,#N/A,L,服装,外出服装系列,便裤（裤子）,冬,冬二,基本款,黑色系,300-399,348.00 ,主：35%棉60%聚酯纤维5%氨纶
25418713,2015UKI秋冬订货会,UKI,银狐绒绣标装饰全长铅笔裤,885,134,#N/A,XL,服装,外出服装系列,便裤（裤子）,冬,冬二,基本款,黑色系,300-399,348.00 ,主：35%棉60%聚酯纤维5%氨纶
25418719,2015UKI秋冬订货会,UKI,印花装饰银狐绒全长直筒裤,886,523,#N/A,M,服装,外出服装系列,便裤（裤子）,冬,冬二,基本款,红色系,300-399,348.00 ,主：35%棉60%聚酯纤维5%氨纶
25418719,2015UKI秋冬订货会,UKI,印花装饰银狐绒全长直筒裤,886,523,#N/A,L,服装,外出服装系列,便裤（裤子）,冬,冬二,基本款,红色系,300-399,348.00 ,主：35%棉60%聚酯纤维5%氨纶
25418719,2015UKI秋冬订货会,UKI,印花装饰银狐绒全长直筒裤,886,523,#N/A,XL,服装,外出服装系列,便裤（裤子）,冬,冬二,基本款,红色系,300-399,348.00 ,主：35%棉60%聚酯纤维5%氨纶
25418719,2015UKI秋冬订货会,UKI,印花装饰银狐绒全长直筒裤,887,134,#N/A,M,服装,外出服装系列,便裤（裤子）,冬,冬二,基本款,黑色系,300-399,348.00 ,主：35%棉60%聚酯纤维5%氨纶
25418719,2015UKI秋冬订货会,UKI,印花装饰银狐绒全长直筒裤,887,134,#N/A,L,服装,外出服装系列,便裤（裤子）,冬,冬二,基本款,黑色系,300-399,348.00 ,主：35%棉60%聚酯纤维5%氨纶
25418719,2015UKI秋冬订货会,UKI,印花装饰银狐绒全长直筒裤,887,134,#N/A,XL,服装,外出服装系列,便裤（裤子）,冬,冬二,基本款,黑色系,300-399,348.00 ,主：35%棉60%聚酯纤维5%氨纶
25418101,2015UKI秋冬订货会,UKI,水洗牛仔抓毛全长铅笔裤,888,743,#N/A,M,服装,外出服装系列,便裤（裤子）,冬,冬二,基本款,蓝色系,300-399,398.00 ,主：71%棉27%涤2%氨纶
25418101,2015UKI秋冬订货会,UKI,水洗牛仔抓毛全长铅笔裤,888,743,#N/A,L,服装,外出服装系列,便裤（裤子）,冬,冬二,基本款,蓝色系,300-399,398.00 ,主：71%棉27%涤2%氨纶
25418101,2015UKI秋冬订货会,UKI,水洗牛仔抓毛全长铅笔裤,888,743,#N/A,XL,服装,外出服装系列,便裤（裤子）,冬,冬二,基本款,蓝色系,300-399,398.00 ,主：71%棉27%涤2%氨纶
25418102,2015UKI秋冬订货会,UKI,水洗牛仔摇粒全长铅笔裤,889,743,#N/A,M,服装,外出服装系列,便裤（裤子）,冬,冬二,基本款,蓝色系,400-499,428.00 ,主：62%棉33%涤3%黏胶2%氨纶
25418102,2015UKI秋冬订货会,UKI,水洗牛仔摇粒全长铅笔裤,889,743,#N/A,L,服装,外出服装系列,便裤（裤子）,冬,冬二,基本款,蓝色系,400-499,428.00 ,主：62%棉33%涤3%黏胶2%氨纶
25418102,2015UKI秋冬订货会,UKI,水洗牛仔摇粒全长铅笔裤,889,743,#N/A,XL,服装,外出服装系列,便裤（裤子）,冬,冬二,基本款,蓝色系,400-499,428.00 ,主：62%棉33%涤3%黏胶2%氨纶
